-- phpMyAdmin SQL Dump
-- version 5.0.4
-- https://www.phpmyadmin.net/
--
-- Servidor: 127.0.0.1
-- Tiempo de generación: 20-03-2021 a las 23:38:14
-- Versión del servidor: 10.4.17-MariaDB
-- Versión de PHP: 7.3.27

SET SQL_MODE = "NO_AUTO_VALUE_ON_ZERO";
START TRANSACTION;
SET time_zone = "+00:00";


/*!40101 SET @OLD_CHARACTER_SET_CLIENT=@@CHARACTER_SET_CLIENT */;
/*!40101 SET @OLD_CHARACTER_SET_RESULTS=@@CHARACTER_SET_RESULTS */;
/*!40101 SET @OLD_COLLATION_CONNECTION=@@COLLATION_CONNECTION */;
/*!40101 SET NAMES utf8mb4 */;

--
-- Base de datos: `backup20032021`
--

-- --------------------------------------------------------

--
-- Estructura de tabla para la tabla `alumnos`
--

CREATE TABLE `alumnos` (
  `id_personas` int(11) NOT NULL,
  `dni` bigint(9) DEFAULT NULL,
  `nombre` varchar(255) NOT NULL,
  `apellido` varchar(255) NOT NULL,
  `email` varchar(255) DEFAULT NULL,
  `domicilio` varchar(255) DEFAULT NULL,
  `activo` int(2) DEFAULT NULL,
  `fecha_nacimiento` date DEFAULT NULL,
  `ingreso` date DEFAULT NULL,
  `autorizacion_redes` int(2) DEFAULT NULL,
  `observaciones` varchar(255) DEFAULT NULL
) ENGINE=InnoDB DEFAULT CHARSET=utf8 ROW_FORMAT=DYNAMIC;

--
-- Volcado de datos para la tabla `alumnos`
--

INSERT INTO `alumnos` (`id_personas`, `dni`, `nombre`, `apellido`, `email`, `domicilio`, `activo`, `fecha_nacimiento`, `ingreso`, `autorizacion_redes`, `observaciones`) VALUES
(107, 47788768, 'GUADALUPE', 'MOLINA DELGADO', '', '', 1, '0000-00-00', '0000-00-00', 1, ''),
(108, 47158180, 'CLARA', 'DEDOMENICI', '', '', 1, '0000-00-00', '0000-00-00', 1, ''),
(109, 28991235, 'BáRBARA', 'BRAVO', '', '', 1, '0000-00-00', '2021-02-02', 1, ''),
(110, 45153193, 'JOSEFINA', 'GóMEZ', 'liragomez@yahoo.com.ar', 'DIAG. 428 N325', 1, '2005-05-08', '2018-03-03', 1, ''),
(111, 14145099, 'CARMEN', 'ARROYO', 'carmengfel@hotmail.com ', '22 BIS N° 2217 VILLA ELISA', 1, '0000-00-00', '2018-03-03', 1, ''),
(112, 46010538, 'EZEQUIEL', 'CABRERA', '', '413 Y 136', 1, '0000-00-00', '2012-03-03', 1, ''),
(113, 50244018, 'ÁLVARO', 'GELOS', 'm_polisili@hotmail.com', 'CALLE 10 N° 1878 VILLA ELISA', 1, '2010-03-13', '2019-03-08', 1, ''),
(114, 11507207, 'MIRTA', 'DA CONCEçIAO', '', '', 1, '1955-02-16', '2018-03-08', 1, ''),
(115, 43194555, 'MARIANO', 'OLAECHEA ', '', '', 1, '2002-03-06', '2020-03-08', 1, ''),
(116, 47378598, 'AZUL', 'CORREIA', 'azulitanerea@gmail.com', 'CAMINO BELGRANO E/409 Y 411N1785', 1, '0000-00-00', '2016-03-08', 1, ''),
(117, 51261012, 'PILAR ', 'PETRUCCELLI', 'aidasmore@hotmail.com', '9 NúMERO 2194', 1, '0000-00-00', '2020-03-08', 1, ''),
(118, 50531369, 'GIOVANNA', 'PIUMATTI', 'sergiopiumatti@hotmail.com', '29  E/409 Y 411 N° 1803', 1, '0000-00-00', '2021-03-08', 1, ''),
(119, 53374154, 'GIANLUCA', 'PIUMATTI', 'sergiopiumatti@hotmail.com', '29 E/ 409 Y 411 N° 1803', 1, '0000-00-00', '2021-03-08', 1, ''),
(120, 45153113, 'INTI', 'CHAPPERO', 'Intichiappero@gmail.com', '425 ESQUINA 22', 1, '0000-00-00', '2020-03-08', 1, ''),
(121, 47315200, 'EMA', 'JUáREZ', 'clauenoguera@gmail.com', 'DIAG 427 #442 ', 1, '0000-00-00', '2019-03-08', 1, ''),
(122, 50392631, 'AGUSTINA', 'ANDRADE', 'diasmonica1974@gmail.com', '15 NRO 707 ESQUINA 421  VILLA ELISA', 1, '0000-00-00', '2018-03-08', 1, ''),
(123, 49960407, 'JOSEFINA', 'DURANTE', 'solgonzalezt@gmail.com ', 'CALLE 420 1323', 1, '0000-00-00', '2019-03-08', 1, ''),
(124, 42947045, 'JUAN IGNACIO', 'FRANCO', 'francojuanignacio23@gmail.com ', '421 BIS E/10 Y 11', 1, '0000-00-00', '2019-08-03', 1, ''),
(125, 46695548, 'MORENA', 'ALONSO', 'Morealonso2005@gmail.com', '136 E 438 Y 439', 1, '0000-00-00', '2021-03-08', 1, ''),
(126, 47743379, 'AGUSTINA', 'UZAL', 'agusuzal@gmail.com', '6 N 1846 51 Y 52', 1, '0000-00-00', '2021-03-08', 1, ''),
(127, 47743378, 'LUCíA', 'UZAL', 'luciauzal2006@gmail.com ', '6 N 1846 51 Y 52', 1, '0000-00-00', '2021-03-08', 1, ''),
(128, 48307192, 'CAMILO MARCOS', 'LóPEZ BUDIñO', 'odilabb@gmail.com', 'CALLE 50#124.VILLA ELISA', 1, '0000-00-00', '2021-03-08', 1, ''),
(129, 92536747, 'ALEXANDRA', 'COSTA', 'costa.alexandrag@gmail.com', '416 #2770', 1, '0000-00-00', '2021-03-08', 1, ''),
(130, 24546242, 'JUAN AGUSTIN', 'KUCIC ', 'estudiokucic@gmail.com', '416 #2770', 1, '0000-00-00', '2021-03-08', 1, ''),
(131, 28991042, 'MARíA DOLORES ', 'FERNANDEZ GENER  ', 'loli_arte@hotmail.com', '46 N 390', 1, '0000-00-00', '2020-03-08', 1, ''),
(132, 26523798, 'MARIO', 'MAJNARIC ', 'mariomajnaric@gmail.com', '46 NUM 390 VILLA ELISA', 1, '0000-00-00', '2020-03-08', 1, ''),
(133, 47551842, 'LUANA', 'CANALE ', 'luacanale06@gmail.com ', '433 ESQUINA 139', 1, '0000-00-00', '2021-03-08', 1, ''),
(134, 50152189, 'LUISANA', 'OJEDA PIERONI', 'paodeky@hotmail.com', '5 EX 11 NúMERO 1990', 1, '2010-03-25', '2020-03-08', 1, ''),
(135, 44785327, 'MARIA DOLORES', 'LERDA SORIANO ', 'doloreslerda@gmail.com', '489 NRO 1860', 1, '2003-05-03', '2021-03-08', 1, ''),
(136, 44785480, 'BAUTISTA ', 'SAAVEDRA ', 'bauti.saavedra.19@gmail.com ', '409 E 20 22 N 1948', 1, '2003-05-19', '2021-03-08', 1, ''),
(137, 44669452, 'MARTINA', 'BORKOUSKI', 'martuborkouski@gmail.com', '133 ESQUINA 485 BARRIO SAN FACUNDO CASA 94', 1, '2003-02-14', '2021-03-08', 1, ''),
(138, 43852587, 'JERóNIMO ', 'GóMEZ TANTARELLI ', 'jeronimogomeztantarelli@yahoo.com.ar', '143 Y 412 ', 0, '2002-01-05', '2021-03-08', 1, ''),
(139, 44590343, 'AMBAR', 'ANDERFUHRN', 'ambaranderfuhrn@gmail.com', '5 NRO 1572', 1, '2003-08-02', '2016-03-08', 1, ''),
(140, 46628382, 'CONSUELO', 'SAAVEDRA ', 'coni.saavedra.22@gmail.com', '409 E 20 22 N 1948', 1, '2005-09-22', '2016-03-09', 1, ''),
(141, 47344476, 'LUCíA', 'AMICONE', 'cecimerli1982@gmail.com', '408 (2297) Y 24', 1, '2006-07-31', '2021-03-08', 1, ''),
(142, 48385314, 'JOSEFINA', 'AMICONE', 'cecimerli1982@gmail.com', '408 (2297) Y 24', 1, '2007-11-21', '2021-03-08', 1, ''),
(143, 44006926, 'LEANDRO AGUSTíN', 'BIE ', 'lean.bie@hotmail.com', '30 E/ 449 & 450', 1, '2002-04-14', '2021-03-08', 1, ''),
(144, 49355800, 'ALMA MUñAY', 'ODELLO CASTRO ', 'solcintiacastro@gmail.com', 'CALLE 6 N 2210 TIMBRE 7', 1, '2009-07-28', '2021-03-08', 1, ''),
(145, 45187372, 'JIMENA', 'ESCOBAR', 'escobaryuri155@gmail.com', 'CALLE 416 NUMERO 2580 ', 1, '2004-02-06', '2021-03-08', 1, ''),
(146, 46892692, 'FRANCESCA', 'D\'AMBROSSIO', 'francesca.2005.d@gmail.com', '430 N° 3763', 1, '2005-11-28', '2021-03-08', 1, ''),
(147, 16462239, 'MARCELA', 'CRISTALDO', 'cristaldomarcela@hotmail.com', '9 N1145 E/44 Y 45 VILLA ELISA', 1, '1963-01-25', '2018-03-09', 1, ''),
(148, 47158132, 'ABRIL CONSTANZA', 'NOGUERA', 'akina1986@hotmail.com', '412 E 28 Y 29', 1, '2006-07-15', '2021-03-08', 1, ''),
(149, 45986302, 'IGNACIO EXEQUIEL', 'ÁLVAREZ ANDREOLI', 'apalessandra@gmail.com', '47 NRO 754 ENTRE 7 Y 8', 1, '2004-06-14', '2011-03-09', 1, ''),
(150, 25720476, 'SEBASTIáN', 'CATAFFO', 'scataffo@yahoo.com.ar', '425 NUMERO 1817 VILLA ELISA', 1, '1977-01-07', '2021-03-08', 1, ''),
(151, 45075136, 'MATíAS', 'TOLCACH', 'mtolcach@gmail.com', 'CALLE 405 Nº3052', 1, '2003-09-30', '2017-03-09', 1, ''),
(152, 47792366, 'FéLIX', 'ALLAN', 'Felfa344@gmail.com', '423 NRO 3257', 1, '2007-01-06', '2021-03-09', 1, ''),
(153, 49528753, 'TOBíAS', 'ALLAN', 'Carlaciampi@hotmail.com ', '423 NRO 3257', 1, '2009-04-30', '2021-03-08', 1, ''),
(154, 22596381, 'ASTRID VANESA', 'CRIBELLATI', 'astridtuk@hotmail.com', '141 Y 409 ARTURO SEGUí', 1, '1972-01-28', '2021-03-08', 1, ''),
(155, 47438785, 'BáRBARA', 'GRIN', 'ochoag225@gmail.com', '422 Y ESQ 21D ', 1, '2006-09-03', '2019-03-09', 1, ''),
(156, 44590310, 'DAMIáN ALEJANDRO', 'SILVA', 'damiangenio10@gmail.com', '429 Nº 3160  E/ 26 Y 27 EL RINCóN', 1, '2003-06-26', '2018-03-09', 1, ''),
(157, 47788720, 'CAMILA FERNANDA', 'SILVA', 'camisilva2209gmail.com', '429 Nº 3160 E/ 26 Y 27 EL RINCóN', 1, '2007-09-22', '2021-03-08', 1, ''),
(158, 49172531, 'MORENA ABRIL', 'HAWRRYSZKOW', 'carinalem@hotmail.com', '115 NRO 1140 413/414', 1, '2008-11-14', '2018-03-09', 1, ''),
(159, 48430924, 'VALENTINO', 'DEDOMENICI', 'Valendedomenici@gmail.com', '12 E/ 55 Y 56 N2257', 1, '2007-12-22', '2021-03-08', 1, ''),
(160, 45986752, 'SOL', 'DEDOMENICI', 'Solcitodedo123@gmail.com ', '12 E/ 55 Y 56 N2257', 1, '2004-10-16', '2019-03-09', 1, ''),
(161, 10793425, 'LILIANA', 'BARRIGA LOURENçO', 'lilimagnolias@hotmail.com', '6 NRO934 VILLA ELISA', 1, '1953-09-25', '2018-03-09', 1, ''),
(162, 45153045, 'CANDELA DENISE', 'TELLO', 'kndla088@gmail.com ', 'CALLE 60 ENTRE 22 Y 23 ', 1, '2003-11-08', '2019-03-08', 1, ''),
(163, 40031942, 'CATALINA', 'COARASA', 'ccoarasa@gmail.com', '', 1, '1997-01-23', '2021-01-10', 1, ''),
(164, 40031941, 'PILAR', 'COARASA', '', '', 1, '1997-01-23', '2021-03-15', 1, ''),
(165, 51495942, 'PAULA', 'DALZOBO', 'silviagoni@hotmail.com', '6 NUM 2093 VILLA ELISA ', 1, '0000-00-00', '2020-03-09', 1, '');

-- --------------------------------------------------------

--
-- Estructura de tabla para la tabla `cuenta_corriente`
--

CREATE TABLE `cuenta_corriente` (
  `id_cc` int(255) NOT NULL,
  `id_persona` int(255) DEFAULT NULL,
  `anio` int(255) DEFAULT NULL,
  `cuota` int(255) DEFAULT NULL,
  `monto` double(255,2) DEFAULT NULL,
  `pago` int(255) DEFAULT NULL
) ENGINE=InnoDB DEFAULT CHARSET=utf8 ROW_FORMAT=DYNAMIC;

--
-- Volcado de datos para la tabla `cuenta_corriente`
--

INSERT INTO `cuenta_corriente` (`id_cc`, `id_persona`, `anio`, `cuota`, `monto`, `pago`) VALUES
(292, 107, 2021, 0, 1100.00, 1),
(293, 107, 2021, 3, 2900.00, 1),
(294, 107, 2021, 4, 0.00, 0),
(295, 107, 2021, 5, 0.00, 0),
(296, 107, 2021, 6, 0.00, 0),
(297, 107, 2021, 7, 0.00, 0),
(298, 107, 2021, 8, 0.00, 0),
(299, 107, 2021, 9, 0.00, 0),
(300, 107, 2021, 10, 0.00, 0),
(301, 107, 2021, 11, 0.00, 0),
(302, 107, 2021, 12, 0.00, 0),
(303, 108, 2021, 0, 1100.00, 1),
(304, 108, 2021, 3, 7900.00, 1),
(305, 108, 2021, 4, 0.00, 0),
(306, 108, 2021, 5, 0.00, 0),
(307, 108, 2021, 6, 0.00, 0),
(308, 108, 2021, 7, 0.00, 0),
(309, 108, 2021, 8, 0.00, 0),
(310, 108, 2021, 9, 0.00, 0),
(311, 108, 2021, 10, 0.00, 0),
(312, 108, 2021, 11, 0.00, 0),
(313, 108, 2021, 12, 0.00, 0),
(314, 109, 2021, 0, 0.00, 0),
(315, 109, 2021, 3, 2000.00, 1),
(316, 109, 2021, 4, 0.00, 0),
(317, 109, 2021, 5, 0.00, 0),
(318, 109, 2021, 6, 0.00, 0),
(319, 109, 2021, 7, 0.00, 0),
(320, 109, 2021, 8, 0.00, 0),
(321, 109, 2021, 9, 0.00, 0),
(322, 109, 2021, 10, 0.00, 0),
(323, 109, 2021, 11, 0.00, 0),
(324, 109, 2021, 12, 0.00, 0),
(325, 110, 2021, 0, 0.00, 0),
(326, 110, 2021, 3, 0.00, 0),
(327, 110, 2021, 4, 0.00, 0),
(328, 110, 2021, 5, 0.00, 0),
(329, 110, 2021, 6, 0.00, 0),
(330, 110, 2021, 7, 0.00, 0),
(331, 110, 2021, 8, 0.00, 0),
(332, 110, 2021, 9, 0.00, 0),
(333, 110, 2021, 10, 0.00, 0),
(334, 110, 2021, 11, 0.00, 0),
(335, 110, 2021, 12, 0.00, 0),
(336, 111, 2021, 0, 0.00, 0),
(337, 111, 2021, 3, 2900.00, 1),
(338, 111, 2021, 4, 0.00, 0),
(339, 111, 2021, 5, 0.00, 0),
(340, 111, 2021, 6, 0.00, 0),
(341, 111, 2021, 7, 0.00, 0),
(342, 111, 2021, 8, 0.00, 0),
(343, 111, 2021, 9, 0.00, 0),
(344, 111, 2021, 10, 0.00, 0),
(345, 111, 2021, 11, 0.00, 0),
(346, 111, 2021, 12, 0.00, 0),
(347, 112, 2021, 0, 0.00, 0),
(348, 112, 2021, 3, 3600.00, 1),
(349, 112, 2021, 4, 0.00, 0),
(350, 112, 2021, 5, 0.00, 0),
(351, 112, 2021, 6, 0.00, 0),
(352, 112, 2021, 7, 0.00, 0),
(353, 112, 2021, 8, 0.00, 0),
(354, 112, 2021, 9, 0.00, 0),
(355, 112, 2021, 10, 0.00, 0),
(356, 112, 2021, 11, 0.00, 0),
(357, 112, 2021, 12, 0.00, 0),
(358, 113, 2021, 0, 0.00, 0),
(359, 113, 2021, 3, 0.00, 0),
(360, 113, 2021, 4, 0.00, 0),
(361, 113, 2021, 5, 0.00, 0),
(362, 113, 2021, 6, 0.00, 0),
(363, 113, 2021, 7, 0.00, 0),
(364, 113, 2021, 8, 0.00, 0),
(365, 113, 2021, 9, 0.00, 0),
(366, 113, 2021, 10, 0.00, 0),
(367, 113, 2021, 11, 0.00, 0),
(368, 113, 2021, 12, 0.00, 0),
(369, 114, 2021, 0, 1100.00, 1),
(370, 114, 2021, 3, 3100.00, 1),
(371, 114, 2021, 4, 0.00, 0),
(372, 114, 2021, 5, 0.00, 0),
(373, 114, 2021, 6, 0.00, 0),
(374, 114, 2021, 7, 0.00, 0),
(375, 114, 2021, 8, 0.00, 0),
(376, 114, 2021, 9, 0.00, 0),
(377, 114, 2021, 10, 0.00, 0),
(378, 114, 2021, 11, 0.00, 0),
(379, 114, 2021, 12, 0.00, 0),
(380, 115, 2021, 0, 0.00, 0),
(381, 115, 2021, 3, 0.00, 0),
(382, 115, 2021, 4, 0.00, 0),
(383, 115, 2021, 5, 0.00, 0),
(384, 115, 2021, 6, 0.00, 0),
(385, 115, 2021, 7, 0.00, 0),
(386, 115, 2021, 8, 0.00, 0),
(387, 115, 2021, 9, 0.00, 0),
(388, 115, 2021, 10, 0.00, 0),
(389, 115, 2021, 11, 0.00, 0),
(390, 115, 2021, 12, 0.00, 0),
(391, 116, 2021, 0, 0.00, 0),
(392, 116, 2021, 3, 0.00, 0),
(393, 116, 2021, 4, 0.00, 0),
(394, 116, 2021, 5, 0.00, 0),
(395, 116, 2021, 6, 0.00, 0),
(396, 116, 2021, 7, 0.00, 0),
(397, 116, 2021, 8, 0.00, 0),
(398, 116, 2021, 9, 0.00, 0),
(399, 116, 2021, 10, 0.00, 0),
(400, 116, 2021, 11, 0.00, 0),
(401, 116, 2021, 12, 0.00, 0),
(402, 117, 2021, 0, 0.00, 1),
(403, 117, 2021, 3, 2900.00, 1),
(404, 117, 2021, 4, 0.00, 0),
(405, 117, 2021, 5, 0.00, 0),
(406, 117, 2021, 6, 0.00, 0),
(407, 117, 2021, 7, 0.00, 0),
(408, 117, 2021, 8, 0.00, 0),
(409, 117, 2021, 9, 0.00, 0),
(410, 117, 2021, 10, 0.00, 0),
(411, 117, 2021, 11, 0.00, 0),
(412, 117, 2021, 12, 0.00, 0),
(413, 118, 2021, 0, 875.00, 1),
(414, 118, 2021, 3, 2610.00, 1),
(415, 118, 2021, 4, 0.00, 0),
(416, 118, 2021, 5, 0.00, 0),
(417, 118, 2021, 6, 0.00, 0),
(418, 118, 2021, 7, 0.00, 0),
(419, 118, 2021, 8, 0.00, 0),
(420, 118, 2021, 9, 0.00, 0),
(421, 118, 2021, 10, 0.00, 0),
(422, 118, 2021, 11, 0.00, 0),
(423, 118, 2021, 12, 0.00, 0),
(424, 119, 2021, 0, 875.00, 1),
(425, 119, 2021, 3, 2610.00, 1),
(426, 119, 2021, 4, 0.00, 0),
(427, 119, 2021, 5, 0.00, 0),
(428, 119, 2021, 6, 0.00, 0),
(429, 119, 2021, 7, 0.00, 0),
(430, 119, 2021, 8, 0.00, 0),
(431, 119, 2021, 9, 0.00, 0),
(432, 119, 2021, 10, 0.00, 0),
(433, 119, 2021, 11, 0.00, 0),
(434, 119, 2021, 12, 0.00, 0),
(435, 120, 2021, 0, 0.00, 0),
(436, 120, 2021, 3, 0.00, 0),
(437, 120, 2021, 4, 0.00, 0),
(438, 120, 2021, 5, 0.00, 0),
(439, 120, 2021, 6, 0.00, 0),
(440, 120, 2021, 7, 0.00, 0),
(441, 120, 2021, 8, 0.00, 0),
(442, 120, 2021, 9, 0.00, 0),
(443, 120, 2021, 10, 0.00, 0),
(444, 120, 2021, 11, 0.00, 0),
(445, 120, 2021, 12, 0.00, 0),
(446, 121, 2021, 0, 0.00, 0),
(447, 121, 2021, 3, 0.00, 0),
(448, 121, 2021, 4, 0.00, 0),
(449, 121, 2021, 5, 0.00, 0),
(450, 121, 2021, 6, 0.00, 0),
(451, 121, 2021, 7, 0.00, 0),
(452, 121, 2021, 8, 0.00, 0),
(453, 121, 2021, 9, 0.00, 0),
(454, 121, 2021, 10, 0.00, 0),
(455, 121, 2021, 11, 0.00, 0),
(456, 121, 2021, 12, 0.00, 0),
(457, 122, 2021, 0, 0.00, 0),
(458, 122, 2021, 3, 2900.00, 1),
(459, 122, 2021, 4, 0.00, 0),
(460, 122, 2021, 5, 0.00, 0),
(461, 122, 2021, 6, 0.00, 0),
(462, 122, 2021, 7, 0.00, 0),
(463, 122, 2021, 8, 0.00, 0),
(464, 122, 2021, 9, 0.00, 0),
(465, 122, 2021, 10, 0.00, 0),
(466, 122, 2021, 11, 0.00, 0),
(467, 122, 2021, 12, 0.00, 0),
(468, 123, 2021, 0, 0.00, 1),
(469, 123, 2021, 3, 2900.00, 1),
(470, 123, 2021, 4, 0.00, 0),
(471, 123, 2021, 5, 0.00, 0),
(472, 123, 2021, 6, 0.00, 0),
(473, 123, 2021, 7, 0.00, 0),
(474, 123, 2021, 8, 0.00, 0),
(475, 123, 2021, 9, 0.00, 0),
(476, 123, 2021, 10, 0.00, 0),
(477, 123, 2021, 11, 0.00, 0),
(478, 123, 2021, 12, 0.00, 0),
(479, 124, 2021, 0, 1100.00, 1),
(480, 124, 2021, 8, 2900.00, 1),
(481, 124, 2021, 9, 0.00, 0),
(482, 124, 2021, 10, 0.00, 0),
(483, 124, 2021, 11, 0.00, 0),
(484, 124, 2021, 12, 0.00, 0),
(485, 125, 2021, 0, 1100.00, 1),
(486, 125, 2021, 3, 2900.00, 1),
(487, 125, 2021, 4, 0.00, 0),
(488, 125, 2021, 5, 0.00, 0),
(489, 125, 2021, 6, 0.00, 0),
(490, 125, 2021, 7, 0.00, 0),
(491, 125, 2021, 8, 0.00, 0),
(492, 125, 2021, 9, 0.00, 0),
(493, 125, 2021, 10, 0.00, 0),
(494, 125, 2021, 11, 0.00, 0),
(495, 125, 2021, 12, 0.00, 0),
(496, 126, 2021, 0, 875.00, 1),
(497, 126, 2021, 3, 2610.00, 1),
(498, 126, 2021, 4, 0.00, 0),
(499, 126, 2021, 5, 0.00, 0),
(500, 126, 2021, 6, 0.00, 0),
(501, 126, 2021, 7, 0.00, 0),
(502, 126, 2021, 8, 0.00, 0),
(503, 126, 2021, 9, 0.00, 0),
(504, 126, 2021, 10, 0.00, 0),
(505, 126, 2021, 11, 0.00, 0),
(506, 126, 2021, 12, 0.00, 0),
(507, 127, 2021, 0, 875.00, 1),
(508, 127, 2021, 3, 2610.00, 1),
(509, 127, 2021, 4, 0.00, 0),
(510, 127, 2021, 5, 0.00, 0),
(511, 127, 2021, 6, 0.00, 0),
(512, 127, 2021, 7, 0.00, 0),
(513, 127, 2021, 8, 0.00, 0),
(514, 127, 2021, 9, 0.00, 0),
(515, 127, 2021, 10, 0.00, 0),
(516, 127, 2021, 11, 0.00, 0),
(517, 127, 2021, 12, 0.00, 0),
(518, 128, 2021, 0, 1100.00, 1),
(519, 128, 2021, 3, 2900.00, 1),
(520, 128, 2021, 4, 0.00, 0),
(521, 128, 2021, 5, 0.00, 0),
(522, 128, 2021, 6, 0.00, 0),
(523, 128, 2021, 7, 0.00, 0),
(524, 128, 2021, 8, 0.00, 0),
(525, 128, 2021, 9, 0.00, 0),
(526, 128, 2021, 10, 0.00, 0),
(527, 128, 2021, 11, 0.00, 0),
(528, 128, 2021, 12, 0.00, 0),
(529, 129, 2021, 0, 0.00, 0),
(530, 129, 2021, 3, 2500.00, 1),
(531, 129, 2021, 4, 0.00, 0),
(532, 129, 2021, 5, 0.00, 0),
(533, 129, 2021, 6, 0.00, 0),
(534, 129, 2021, 7, 0.00, 0),
(535, 129, 2021, 8, 0.00, 0),
(536, 129, 2021, 9, 0.00, 0),
(537, 129, 2021, 10, 0.00, 0),
(538, 129, 2021, 11, 0.00, 0),
(539, 129, 2021, 12, 0.00, 0),
(540, 130, 2021, 0, 0.00, 0),
(541, 130, 2021, 3, 2500.00, 1),
(542, 130, 2021, 4, 0.00, 0),
(543, 130, 2021, 5, 0.00, 0),
(544, 130, 2021, 6, 0.00, 0),
(545, 130, 2021, 7, 0.00, 0),
(546, 130, 2021, 8, 0.00, 0),
(547, 130, 2021, 9, 0.00, 0),
(548, 130, 2021, 10, 0.00, 0),
(549, 130, 2021, 11, 0.00, 0),
(550, 130, 2021, 12, 0.00, 0),
(551, 131, 2021, 0, 875.00, 1),
(552, 131, 2021, 3, 1800.00, 1),
(553, 131, 2021, 4, 0.00, 0),
(554, 131, 2021, 5, 0.00, 0),
(555, 131, 2021, 6, 0.00, 0),
(556, 131, 2021, 7, 0.00, 0),
(557, 131, 2021, 8, 0.00, 0),
(558, 131, 2021, 9, 0.00, 0),
(559, 131, 2021, 10, 0.00, 0),
(560, 131, 2021, 11, 0.00, 0),
(561, 131, 2021, 12, 0.00, 0),
(562, 132, 2021, 0, 875.00, 1),
(563, 132, 2021, 3, 1800.00, 1),
(564, 132, 2021, 4, 0.00, 0),
(565, 132, 2021, 5, 0.00, 0),
(566, 132, 2021, 6, 0.00, 0),
(567, 132, 2021, 7, 0.00, 0),
(568, 132, 2021, 8, 0.00, 0),
(569, 132, 2021, 9, 0.00, 0),
(570, 132, 2021, 10, 0.00, 0),
(571, 132, 2021, 11, 0.00, 0),
(572, 132, 2021, 12, 0.00, 0),
(573, 133, 2021, 0, 0.00, 0),
(574, 133, 2021, 3, 2000.00, 1),
(575, 133, 2021, 4, 0.00, 0),
(576, 133, 2021, 5, 0.00, 0),
(577, 133, 2021, 6, 0.00, 0),
(578, 133, 2021, 7, 0.00, 0),
(579, 133, 2021, 8, 0.00, 0),
(580, 133, 2021, 9, 0.00, 0),
(581, 133, 2021, 10, 0.00, 0),
(582, 133, 2021, 11, 0.00, 0),
(583, 133, 2021, 12, 0.00, 0),
(584, 134, 2021, 0, 0.00, 0),
(585, 134, 2021, 3, 0.00, 0),
(586, 134, 2021, 4, 0.00, 0),
(587, 134, 2021, 5, 0.00, 0),
(588, 134, 2021, 6, 0.00, 0),
(589, 134, 2021, 7, 0.00, 0),
(590, 134, 2021, 8, 0.00, 0),
(591, 134, 2021, 9, 0.00, 0),
(592, 134, 2021, 10, 0.00, 0),
(593, 134, 2021, 11, 0.00, 0),
(594, 134, 2021, 12, 0.00, 0),
(595, 135, 2021, 0, 1100.00, 1),
(596, 135, 2021, 3, 2100.00, 1),
(597, 135, 2021, 4, 0.00, 0),
(598, 135, 2021, 5, 0.00, 0),
(599, 135, 2021, 6, 0.00, 0),
(600, 135, 2021, 7, 0.00, 0),
(601, 135, 2021, 8, 0.00, 0),
(602, 135, 2021, 9, 0.00, 0),
(603, 135, 2021, 10, 0.00, 0),
(604, 135, 2021, 11, 0.00, 0),
(605, 135, 2021, 12, 0.00, 0),
(606, 136, 2021, 0, 0.00, 0),
(607, 136, 2021, 3, 0.00, 0),
(608, 136, 2021, 4, 0.00, 0),
(609, 136, 2021, 5, 0.00, 0),
(610, 136, 2021, 6, 0.00, 0),
(611, 136, 2021, 7, 0.00, 0),
(612, 136, 2021, 8, 0.00, 0),
(613, 136, 2021, 9, 0.00, 0),
(614, 136, 2021, 10, 0.00, 0),
(615, 136, 2021, 11, 0.00, 0),
(616, 136, 2021, 12, 0.00, 0),
(617, 137, 2021, 0, 1100.00, 1),
(618, 137, 2021, 3, 2100.00, 1),
(619, 137, 2021, 4, 0.00, 0),
(620, 137, 2021, 5, 0.00, 0),
(621, 137, 2021, 6, 0.00, 0),
(622, 137, 2021, 7, 0.00, 0),
(623, 137, 2021, 8, 0.00, 0),
(624, 137, 2021, 9, 0.00, 0),
(625, 137, 2021, 10, 0.00, 0),
(626, 137, 2021, 11, 0.00, 0),
(627, 137, 2021, 12, 0.00, 0),
(628, 138, 2021, 0, 0.00, 0),
(629, 138, 2021, 3, 0.00, 0),
(630, 138, 2021, 4, 0.00, 0),
(631, 138, 2021, 5, 0.00, 0),
(632, 138, 2021, 6, 0.00, 0),
(633, 138, 2021, 7, 0.00, 0),
(634, 138, 2021, 8, 0.00, 0),
(635, 138, 2021, 9, 0.00, 0),
(636, 138, 2021, 10, 0.00, 0),
(637, 138, 2021, 11, 0.00, 0),
(638, 138, 2021, 12, 0.00, 0),
(639, 139, 2021, 0, 0.00, 0),
(640, 139, 2021, 3, 0.00, 0),
(641, 139, 2021, 4, 0.00, 0),
(642, 139, 2021, 5, 0.00, 0),
(643, 139, 2021, 6, 0.00, 0),
(644, 139, 2021, 7, 0.00, 0),
(645, 139, 2021, 8, 0.00, 0),
(646, 139, 2021, 9, 0.00, 0),
(647, 139, 2021, 10, 0.00, 0),
(648, 139, 2021, 11, 0.00, 0),
(649, 139, 2021, 12, 0.00, 0),
(650, 140, 2021, 0, 0.00, 0),
(651, 140, 2021, 3, 0.00, 0),
(652, 140, 2021, 4, 0.00, 0),
(653, 140, 2021, 5, 0.00, 0),
(654, 140, 2021, 6, 0.00, 0),
(655, 140, 2021, 7, 0.00, 0),
(656, 140, 2021, 8, 0.00, 0),
(657, 140, 2021, 9, 0.00, 0),
(658, 140, 2021, 10, 0.00, 0),
(659, 140, 2021, 11, 0.00, 0),
(660, 140, 2021, 12, 0.00, 0),
(661, 141, 2021, 0, 875.00, 1),
(662, 141, 2021, 3, 2790.00, 1),
(663, 141, 2021, 4, 0.00, 0),
(664, 141, 2021, 5, 0.00, 0),
(665, 141, 2021, 6, 0.00, 0),
(666, 141, 2021, 7, 0.00, 0),
(667, 141, 2021, 8, 0.00, 0),
(668, 141, 2021, 9, 0.00, 0),
(669, 141, 2021, 10, 0.00, 0),
(670, 141, 2021, 11, 0.00, 0),
(671, 141, 2021, 12, 0.00, 0),
(672, 142, 2021, 0, 875.00, 1),
(673, 142, 2021, 3, 2790.00, 1),
(674, 142, 2021, 4, 0.00, 0),
(675, 142, 2021, 5, 0.00, 0),
(676, 142, 2021, 6, 0.00, 0),
(677, 142, 2021, 7, 0.00, 0),
(678, 142, 2021, 8, 0.00, 0),
(679, 142, 2021, 9, 0.00, 0),
(680, 142, 2021, 10, 0.00, 0),
(681, 142, 2021, 11, 0.00, 0),
(682, 142, 2021, 12, 0.00, 0),
(683, 143, 2021, 0, 0.00, 0),
(684, 143, 2021, 3, 0.00, 0),
(685, 143, 2021, 4, 0.00, 0),
(686, 143, 2021, 5, 0.00, 0),
(687, 143, 2021, 6, 0.00, 0),
(688, 143, 2021, 7, 0.00, 0),
(689, 143, 2021, 8, 0.00, 0),
(690, 143, 2021, 9, 0.00, 0),
(691, 143, 2021, 10, 0.00, 0),
(692, 143, 2021, 11, 0.00, 0),
(693, 143, 2021, 12, 0.00, 0),
(694, 144, 2021, 0, 1100.00, 1),
(695, 144, 2021, 3, 2900.00, 1),
(696, 144, 2021, 4, 0.00, 0),
(697, 144, 2021, 5, 0.00, 0),
(698, 144, 2021, 6, 0.00, 0),
(699, 144, 2021, 7, 0.00, 0),
(700, 144, 2021, 8, 0.00, 0),
(701, 144, 2021, 9, 0.00, 0),
(702, 144, 2021, 10, 0.00, 0),
(703, 144, 2021, 11, 0.00, 0),
(704, 144, 2021, 12, 0.00, 0),
(705, 145, 2021, 0, 1100.00, 1),
(706, 145, 2021, 3, 2000.00, 1),
(707, 145, 2021, 4, 0.00, 0),
(708, 145, 2021, 5, 0.00, 0),
(709, 145, 2021, 6, 0.00, 0),
(710, 145, 2021, 7, 0.00, 0),
(711, 145, 2021, 8, 0.00, 0),
(712, 145, 2021, 9, 0.00, 0),
(713, 145, 2021, 10, 0.00, 0),
(714, 145, 2021, 11, 0.00, 0),
(715, 145, 2021, 12, 0.00, 0),
(716, 146, 2021, 0, 1100.00, 1),
(717, 146, 2021, 3, 2000.00, 1),
(718, 146, 2021, 4, 0.00, 0),
(719, 146, 2021, 5, 0.00, 0),
(720, 146, 2021, 6, 0.00, 0),
(721, 146, 2021, 7, 0.00, 0),
(722, 146, 2021, 8, 0.00, 0),
(723, 146, 2021, 9, 0.00, 0),
(724, 146, 2021, 10, 0.00, 0),
(725, 146, 2021, 11, 0.00, 0),
(726, 146, 2021, 12, 0.00, 0),
(727, 147, 2021, 0, 1100.00, 1),
(728, 147, 2021, 3, 2900.00, 1),
(729, 147, 2021, 4, 0.00, 0),
(730, 147, 2021, 5, 0.00, 0),
(731, 147, 2021, 6, 0.00, 0),
(732, 147, 2021, 7, 0.00, 0),
(733, 147, 2021, 8, 0.00, 0),
(734, 147, 2021, 9, 0.00, 0),
(735, 147, 2021, 10, 0.00, 0),
(736, 147, 2021, 11, 0.00, 0),
(737, 147, 2021, 12, 0.00, 0),
(738, 148, 2021, 0, 1100.00, 1),
(739, 148, 2021, 3, 2000.00, 1),
(740, 148, 2021, 4, 0.00, 0),
(741, 148, 2021, 5, 0.00, 0),
(742, 148, 2021, 6, 0.00, 0),
(743, 148, 2021, 7, 0.00, 0),
(744, 148, 2021, 8, 0.00, 0),
(745, 148, 2021, 9, 0.00, 0),
(746, 148, 2021, 10, 0.00, 0),
(747, 148, 2021, 11, 0.00, 0),
(748, 148, 2021, 12, 0.00, 0),
(749, 149, 2021, 0, 0.00, 0),
(750, 149, 2021, 3, 2900.00, 1),
(751, 149, 2021, 4, 0.00, 0),
(752, 149, 2021, 5, 0.00, 0),
(753, 149, 2021, 6, 0.00, 0),
(754, 149, 2021, 7, 0.00, 0),
(755, 149, 2021, 8, 0.00, 0),
(756, 149, 2021, 9, 0.00, 0),
(757, 149, 2021, 10, 0.00, 0),
(758, 149, 2021, 11, 0.00, 0),
(759, 149, 2021, 12, 0.00, 0),
(760, 150, 2021, 0, 0.00, 0),
(761, 150, 2021, 3, 0.00, 0),
(762, 150, 2021, 4, 0.00, 0),
(763, 150, 2021, 5, 0.00, 0),
(764, 150, 2021, 6, 0.00, 0),
(765, 150, 2021, 7, 0.00, 0),
(766, 150, 2021, 8, 0.00, 0),
(767, 150, 2021, 9, 0.00, 0),
(768, 150, 2021, 10, 0.00, 0),
(769, 150, 2021, 11, 0.00, 0),
(770, 150, 2021, 12, 0.00, 0),
(771, 151, 2021, 0, 0.00, 1),
(772, 151, 2021, 3, 3100.00, 1),
(773, 151, 2021, 4, 0.00, 0),
(774, 151, 2021, 5, 0.00, 0),
(775, 151, 2021, 6, 0.00, 0),
(776, 151, 2021, 7, 0.00, 0),
(777, 151, 2021, 8, 0.00, 0),
(778, 151, 2021, 9, 0.00, 0),
(779, 151, 2021, 10, 0.00, 0),
(780, 151, 2021, 11, 0.00, 0),
(781, 151, 2021, 12, 0.00, 0),
(782, 152, 2021, 0, 1100.00, 1),
(783, 152, 2021, 3, 2610.00, 1),
(784, 152, 2021, 4, 0.00, 0),
(785, 152, 2021, 5, 0.00, 0),
(786, 152, 2021, 6, 0.00, 0),
(787, 152, 2021, 7, 0.00, 0),
(788, 152, 2021, 8, 0.00, 0),
(789, 152, 2021, 9, 0.00, 0),
(790, 152, 2021, 10, 0.00, 0),
(791, 152, 2021, 11, 0.00, 0),
(792, 152, 2021, 12, 0.00, 0),
(793, 153, 2021, 0, 550.00, 1),
(794, 153, 2021, 3, 2610.00, 1),
(795, 153, 2021, 4, 0.00, 0),
(796, 153, 2021, 5, 0.00, 0),
(797, 153, 2021, 6, 0.00, 0),
(798, 153, 2021, 7, 0.00, 0),
(799, 153, 2021, 8, 0.00, 0),
(800, 153, 2021, 9, 0.00, 0),
(801, 153, 2021, 10, 0.00, 0),
(802, 153, 2021, 11, 0.00, 0),
(803, 153, 2021, 12, 0.00, 0),
(804, 154, 2021, 0, 1100.00, 1),
(805, 154, 2021, 3, 2000.00, 1),
(806, 154, 2021, 4, 0.00, 0),
(807, 154, 2021, 5, 0.00, 0),
(808, 154, 2021, 6, 0.00, 0),
(809, 154, 2021, 7, 0.00, 0),
(810, 154, 2021, 8, 0.00, 0),
(811, 154, 2021, 9, 0.00, 0),
(812, 154, 2021, 10, 0.00, 0),
(813, 154, 2021, 11, 0.00, 0),
(814, 154, 2021, 12, 0.00, 0),
(815, 155, 2021, 0, 0.00, 0),
(816, 155, 2021, 3, 0.00, 0),
(817, 155, 2021, 4, 0.00, 0),
(818, 155, 2021, 5, 0.00, 0),
(819, 155, 2021, 6, 0.00, 0),
(820, 155, 2021, 7, 0.00, 0),
(821, 155, 2021, 8, 0.00, 0),
(822, 155, 2021, 9, 0.00, 0),
(823, 155, 2021, 10, 0.00, 0),
(824, 155, 2021, 11, 0.00, 0),
(825, 155, 2021, 12, 0.00, 0),
(826, 156, 2021, 0, 0.00, 1),
(827, 156, 2021, 3, 2610.00, 1),
(828, 156, 2021, 4, 0.00, 0),
(829, 156, 2021, 5, 0.00, 0),
(830, 156, 2021, 6, 0.00, 0),
(831, 156, 2021, 7, 0.00, 0),
(832, 156, 2021, 8, 0.00, 0),
(833, 156, 2021, 9, 0.00, 0),
(834, 156, 2021, 10, 0.00, 0),
(835, 156, 2021, 11, 0.00, 0),
(836, 156, 2021, 12, 0.00, 0),
(837, 157, 2021, 0, 550.00, 1),
(838, 157, 2021, 3, 2610.00, 1),
(839, 157, 2021, 4, 0.00, 0),
(840, 157, 2021, 5, 0.00, 0),
(841, 157, 2021, 6, 0.00, 0),
(842, 157, 2021, 7, 0.00, 0),
(843, 157, 2021, 8, 0.00, 0),
(844, 157, 2021, 9, 0.00, 0),
(845, 157, 2021, 10, 0.00, 0),
(846, 157, 2021, 11, 0.00, 0),
(847, 157, 2021, 12, 0.00, 0),
(848, 158, 2021, 0, 1100.00, 1),
(849, 158, 2021, 3, 2900.00, 1),
(850, 158, 2021, 4, 0.00, 0),
(851, 158, 2021, 5, 0.00, 0),
(852, 158, 2021, 6, 0.00, 0),
(853, 158, 2021, 7, 0.00, 0),
(854, 158, 2021, 8, 0.00, 0),
(855, 158, 2021, 9, 0.00, 0),
(856, 158, 2021, 10, 0.00, 0),
(857, 158, 2021, 11, 0.00, 0),
(858, 158, 2021, 12, 0.00, 0),
(859, 159, 2021, 0, 0.00, 0),
(860, 159, 2021, 3, 2610.00, 1),
(861, 159, 2021, 4, 0.00, 0),
(862, 159, 2021, 5, 0.00, 0),
(863, 159, 2021, 6, 0.00, 0),
(864, 159, 2021, 7, 0.00, 0),
(865, 159, 2021, 8, 0.00, 0),
(866, 159, 2021, 9, 0.00, 0),
(867, 159, 2021, 10, 0.00, 0),
(868, 159, 2021, 11, 0.00, 0),
(869, 159, 2021, 12, 0.00, 0),
(870, 160, 2021, 0, 1100.00, 1),
(871, 160, 2021, 3, 0.00, 0),
(872, 160, 2021, 4, 0.00, 0),
(873, 160, 2021, 5, 0.00, 0),
(874, 160, 2021, 6, 0.00, 0),
(875, 160, 2021, 7, 0.00, 0),
(876, 160, 2021, 8, 0.00, 0),
(877, 160, 2021, 9, 0.00, 0),
(878, 160, 2021, 10, 0.00, 0),
(879, 160, 2021, 11, 0.00, 0),
(880, 160, 2021, 12, 0.00, 0),
(881, 161, 2021, 0, 0.00, 0),
(882, 161, 2021, 3, 0.00, 0),
(883, 161, 2021, 4, 0.00, 0),
(884, 161, 2021, 5, 0.00, 0),
(885, 161, 2021, 6, 0.00, 0),
(886, 161, 2021, 7, 0.00, 0),
(887, 161, 2021, 8, 0.00, 0),
(888, 161, 2021, 9, 0.00, 0),
(889, 161, 2021, 10, 0.00, 0),
(890, 161, 2021, 11, 0.00, 0),
(891, 161, 2021, 12, 0.00, 0),
(892, 162, 2021, 0, 0.00, 0),
(893, 162, 2021, 3, 0.00, 0),
(894, 162, 2021, 4, 0.00, 0),
(895, 162, 2021, 5, 0.00, 0),
(896, 162, 2021, 6, 0.00, 0),
(897, 162, 2021, 7, 0.00, 0),
(898, 162, 2021, 8, 0.00, 0),
(899, 162, 2021, 9, 0.00, 0),
(900, 162, 2021, 10, 0.00, 0),
(901, 162, 2021, 11, 0.00, 0),
(902, 162, 2021, 12, 0.00, 0),
(903, 163, 2021, 0, 0.00, 0),
(904, 163, 2021, 1, 0.00, 0),
(905, 163, 2021, 2, 0.00, 0),
(906, 163, 2021, 3, 0.00, 0),
(907, 163, 2021, 4, 0.00, 0),
(908, 163, 2021, 5, 0.00, 0),
(909, 163, 2021, 6, 0.00, 0),
(910, 163, 2021, 7, 0.00, 0),
(911, 163, 2021, 8, 0.00, 0),
(912, 163, 2021, 9, 0.00, 0),
(913, 163, 2021, 10, 0.00, 0),
(914, 163, 2021, 11, 0.00, 0),
(915, 163, 2021, 12, 0.00, 0),
(916, 164, 2021, 0, 0.00, 0),
(917, 164, 2021, 3, 0.00, 0),
(918, 164, 2021, 4, 0.00, 0),
(919, 164, 2021, 5, 0.00, 0),
(920, 164, 2021, 6, 0.00, 0),
(921, 164, 2021, 7, 0.00, 0),
(922, 164, 2021, 8, 0.00, 0),
(923, 164, 2021, 9, 0.00, 0),
(924, 164, 2021, 10, 0.00, 0),
(925, 164, 2021, 11, 0.00, 0),
(926, 164, 2021, 12, 0.00, 0),
(927, 165, 2021, 0, 0.00, 1),
(928, 165, 2021, 3, 2900.00, 1),
(929, 165, 2021, 4, 0.00, 0),
(930, 165, 2021, 5, 0.00, 0),
(931, 165, 2021, 6, 0.00, 0),
(932, 165, 2021, 7, 0.00, 0),
(933, 165, 2021, 8, 0.00, 0),
(934, 165, 2021, 9, 0.00, 0),
(935, 165, 2021, 10, 0.00, 0),
(936, 165, 2021, 11, 0.00, 0),
(937, 165, 2021, 12, 0.00, 0);

-- --------------------------------------------------------

--
-- Estructura de tabla para la tabla `cursos`
--

CREATE TABLE `cursos` (
  `id_curso` int(11) NOT NULL,
  `nombre_curso` varchar(255) DEFAULT NULL,
  `descripcion` varchar(255) DEFAULT NULL,
  `diaD` varchar(25) DEFAULT NULL,
  `diaH` varchar(25) DEFAULT NULL,
  `activo` int(2) DEFAULT NULL,
  `horaIn` varchar(255) DEFAULT NULL,
  `horaFin` varchar(255) DEFAULT NULL
) ENGINE=InnoDB DEFAULT CHARSET=utf8 ROW_FORMAT=DYNAMIC;

--
-- Volcado de datos para la tabla `cursos`
--

INSERT INTO `cursos` (`id_curso`, `nombre_curso`, `descripcion`, `diaD`, `diaH`, `activo`, `horaIn`, `horaFin`) VALUES
(16, 'TEENS A2 (A)', '', 'LUNES', 'MIERCOLES', 1, '4:00 PM', '5:30 PM'),
(17, 'ADULTS PRE-INTERMEDIATE', '', 'JUEVES', 'JUEVES', 1, '7:00 PM', '9:00 PM'),
(18, 'ADULTS INTERMEDIATE', '', 'LUNES', 'MIERCOLES', 1, '3:00 PM', '4:30 PM'),
(19, 'TEENS A2 (B)', '', 'LUNES', 'MIERCOLES', 1, '4:30 PM', '6:00 PM'),
(20, 'TEENS A2 (C)', '', 'LUNES', 'MIERCOLES', 1, '6:00 PM', '7:30 PM'),
(21, 'TEENS A2 (D)', '', 'LUNES', 'MIERCOLES', 1, '3:30 PM', '5:00 PM'),
(22, 'CHILDREN 2', '', 'LUNES', 'MIERCOLES', 1, '5:30 PM', '7:00 PM'),
(23, 'TEENS B1+ (A)', '', 'LUNES', 'MIERCOLES', 1, '3:30 PM', '5:00 PM'),
(24, 'CHILDREN 1', '', 'LUNES', 'MIERCOLES', 1, '5:30 PM', '7:00 PM'),
(25, 'B2 FIRST (2)', '', 'LUNES', 'MIERCOLES', 1, '7:30 PM', '9:00 PM'),
(26, 'YOUNG ADULTS PRE-INTERMEDIATE', '', 'LUNES', 'MIERCOLES', 1, '5:30 PM', '7:00 PM'),
(27, 'ADULTS PRE-INTERMEDIATE (B)', '', 'LUNES', 'LUNES', 1, '4:00 PM', '6:00 PM'),
(28, 'ADULTS ELEMENTARY', '', 'LUNES', 'LUNES', 1, '7:00 PM', '9:00 PM'),
(29, 'ADULTS ELEMENTARY+', '', 'MIERCOLES', 'MIERCOLES', 1, '4:30 PM', '6:00 PM'),
(30, 'TEENS A2 (E)', '', 'MIERCOLES', 'MIERCOLES', 1, '7:00 PM', '9:00 PM'),
(31, 'TEENS A1+', '', 'MARTES', 'JUEVES', 1, '3:30 PM', '5:00 PM'),
(32, 'TEENS B1+ (B)', '', 'MARTES', 'JUEVES', 1, '5:00 PM', '6:30 PM'),
(33, 'CHILDREN 3', '', 'MARTES', 'JUEVES', 1, '5:30 PM', '7:00 PM'),
(34, 'ADULTS C1 (A)', '', 'MARTES', 'MARTES', 1, '2:00 PM', '4:00 PM'),
(35, 'INGRESO UNLP', '', 'MARTES', 'JUEVES', 1, '9:30 AM', '11:00 AM'),
(36, 'B2 FIRST (1)', '', 'MARTES', 'VIERNES', 1, '7:00 PM', '9:00 PM'),
(37, 'ADULTS ELEMENTARY (B)', '', 'MARTES', 'MARTES', 1, '7:00 PM', '9:00 PM'),
(38, 'ADULTS C1 (B)', '', 'VIERNES', 'VIERNES', 1, '9:00 AM', '11:00 AM'),
(39, 'ADULTS PRE-INTERMEDIATE (LUCíA)', '', 'JUEVES', 'JUEVES', 1, '4:00 PM', '5:30 PM'),
(40, 'TEENS A2 (F)', '', 'MIERCOLES', 'VIERNES', 1, '4:00 PM', '5:30 PM'),
(41, 'TEENS B1', '', 'MIERCOLES', 'VIERNES', 1, '6:30 PM', '8:00 PM'),
(42, 'TEENS B1+/B2', '', 'MIERCOLES', 'VIERNES', 1, '4:30 PM', '6:00 PM'),
(43, 'IELTS', '', 'MIERCOLES', 'MIERCOLES', 1, '8:00 AM', '10:00 AM'),
(44, 'IELTS', '', 'MIERCOLES', 'MIERCOLES', 0, '8:00 AM', '10:4'),
(45, 'IELTS (B)', '', 'VIERNES', 'VIERNES', 1, '3:30 PM', '5:30 PM');

-- --------------------------------------------------------

--
-- Estructura de tabla para la tabla `curso_docente_alumnos`
--

CREATE TABLE `curso_docente_alumnos` (
  `id_docente` int(11) DEFAULT NULL,
  `id_libro` int(11) DEFAULT NULL,
  `id_alumno` int(11) DEFAULT NULL,
  `id_curso` int(11) DEFAULT NULL
) ENGINE=InnoDB DEFAULT CHARSET=utf8 ROW_FORMAT=DYNAMIC;

--
-- Volcado de datos para la tabla `curso_docente_alumnos`
--

INSERT INTO `curso_docente_alumnos` (`id_docente`, `id_libro`, `id_alumno`, `id_curso`) VALUES
(9, 9, 107, 16),
(10, 10, 109, 17),
(10, 21, 137, 34),
(10, 21, 131, 34),
(10, 21, 136, 34),
(10, 20, 129, 45),
(10, 20, 130, 45);

-- --------------------------------------------------------

--
-- Estructura de tabla para la tabla `docentes`
--

CREATE TABLE `docentes` (
  `id_docente` int(11) NOT NULL,
  `nombre` varchar(255) DEFAULT NULL,
  `apellido` varchar(255) DEFAULT NULL,
  `dni` int(11) DEFAULT NULL,
  `activo` int(2) DEFAULT NULL,
  `email` varchar(255) DEFAULT NULL
) ENGINE=InnoDB DEFAULT CHARSET=utf8 ROW_FORMAT=DYNAMIC;

--
-- Volcado de datos para la tabla `docentes`
--

INSERT INTO `docentes` (`id_docente`, `nombre`, `apellido`, `dni`, `activo`, `email`) VALUES
(9, 'ESTEFANíA', 'MAGAÑINI', 15480692, 1, ''),
(10, 'JIMENA', 'ANGELANI', 33677224, 1, 'angelanijimena@gmail.com'),
(11, 'MARíA SOL', 'DEGAETANO', 11111111, 1, 'solcitod6@hotmail.com '),
(12, 'VICTORIA', 'MOSQUERA', 11111111, 1, 'victoria.mos2012@gmail.com '),
(13, 'ROCíO BELéN', 'JUAN MORENO', 11111111, 1, 'rociobjuan@gmail.com '),
(14, 'SOFíA', 'MARTINS', 11111111, 1, 'martinsofia.93@gmail.com '),
(15, 'SOFíA', 'CAVIGLIA', 41466437, 1, 'soficaviglia1998@gmail.com');

-- --------------------------------------------------------

--
-- Estructura de tabla para la tabla `fichas_salud`
--

CREATE TABLE `fichas_salud` (
  `id_ficha` int(11) NOT NULL,
  `traslado` varchar(255) DEFAULT NULL,
  `nombre_emergencia` varchar(255) DEFAULT NULL,
  `telefono_emergencia` varchar(255) DEFAULT NULL,
  `medicacion` int(2) DEFAULT NULL,
  `tratamiento` int(2) DEFAULT NULL,
  `enfermedad` int(2) DEFAULT NULL,
  `intervencion` int(2) DEFAULT NULL,
  `id_alumno` int(11) DEFAULT NULL,
  `descripcion_medicacion` varchar(255) DEFAULT NULL,
  `descripcion_tratamiento` varchar(255) DEFAULT NULL,
  `descripcion_enfermedad` varchar(255) DEFAULT NULL,
  `descripcion_intervencion` varchar(255) DEFAULT NULL,
  `fecha_carga` date DEFAULT NULL,
  `activo` int(2) DEFAULT NULL
) ENGINE=InnoDB DEFAULT CHARSET=utf8 ROW_FORMAT=DYNAMIC;

-- --------------------------------------------------------

--
-- Estructura de tabla para la tabla `gastos`
--

CREATE TABLE `gastos` (
  `id_pago` int(11) NOT NULL,
  `fecha` date DEFAULT NULL,
  `medio` varchar(255) DEFAULT NULL,
  `concepto` varchar(255) DEFAULT NULL,
  `monto` double(255,2) DEFAULT NULL,
  `activo` int(255) DEFAULT NULL
) ENGINE=InnoDB DEFAULT CHARSET=utf8 ROW_FORMAT=DYNAMIC;

--
-- Volcado de datos para la tabla `gastos`
--

INSERT INTO `gastos` (`id_pago`, `fecha`, `medio`, `concepto`, `monto`, `activo`) VALUES
(8, '2021-03-06', '2', 'Mesas', 13000.00, 1),
(9, '2021-03-08', '2', 'Alquiler Marzo', 32500.00, 1),
(10, '2021-03-09', '1', 'Pintura mesas', 1171.00, 1),
(11, '2021-03-09', '1', 'Infu', 650.00, 1),
(12, '2021-03-04', '3', 'Luz 1', 1082.00, 1),
(13, '2021-03-04', '3', 'Luz 2', 1082.00, 1),
(14, '2021-03-10', '3', 'Telecentro', 1300.00, 1),
(15, '2021-03-15', '3', 'Teléfono', 969.00, 1);

-- --------------------------------------------------------

--
-- Estructura de tabla para la tabla `libros`
--

CREATE TABLE `libros` (
  `id_libro` int(11) NOT NULL,
  `nombre` varchar(255) DEFAULT NULL,
  `autor` varchar(255) DEFAULT NULL,
  `editora` varchar(255) DEFAULT NULL,
  `activo` int(2) DEFAULT NULL
) ENGINE=InnoDB DEFAULT CHARSET=utf8 ROW_FORMAT=DYNAMIC;

--
-- Volcado de datos para la tabla `libros`
--

INSERT INTO `libros` (`id_libro`, `nombre`, `autor`, `editora`, `activo`) VALUES
(9, 'THINK 1', '', '', 1),
(10, 'ENGLISH FILE PRE-INTERMEDIATE', '', '', 1),
(11, 'CLOSE-UP B1+', '', '', 1),
(12, 'CLOSE-UP B2', '', '', 1),
(13, 'THINK 2', '', '', 1),
(14, 'THINK 3', '', '', 1),
(15, 'SPEAKOUT ADVANCED', '', '', 1),
(16, 'ENGLISH FILE ELEMENTARY', '', '', 1),
(17, 'FAMILY & FRIENDS 1', '', '', 1),
(18, 'FAMILY & FRIENDS 2 ', '', '', 1),
(19, 'FAMILY & FRIENDS 3', '', '', 1),
(20, 'EXPERT IELTS BAND 5', '', '', 1),
(21, 'CLOSE-UP C1', '', '', 1);

-- --------------------------------------------------------

--
-- Estructura de tabla para la tabla `medios_pago`
--

CREATE TABLE `medios_pago` (
  `id_medio` int(255) NOT NULL,
  `medio_pago` varchar(255) DEFAULT NULL
) ENGINE=InnoDB DEFAULT CHARSET=utf8 ROW_FORMAT=DYNAMIC;

--
-- Volcado de datos para la tabla `medios_pago`
--

INSERT INTO `medios_pago` (`id_medio`, `medio_pago`) VALUES
(1, 'CONTADO'),
(2, 'TRANSFERENCIA'),
(3, 'MERCADOPAGO');

-- --------------------------------------------------------

--
-- Estructura de tabla para la tabla `pagos`
--

CREATE TABLE `pagos` (
  `id_pago` int(11) NOT NULL,
  `fecha` date DEFAULT NULL,
  `medio` int(255) DEFAULT NULL,
  `id_alumno` int(11) DEFAULT NULL,
  `id_cc` int(255) DEFAULT NULL
) ENGINE=InnoDB DEFAULT CHARSET=utf8 ROW_FORMAT=DYNAMIC;

--
-- Volcado de datos para la tabla `pagos`
--

INSERT INTO `pagos` (`id_pago`, `fecha`, `medio`, `id_alumno`, `id_cc`) VALUES
(30, '2021-03-06', 1, 107, 292),
(31, '2021-03-06', 1, 108, 303),
(32, '2021-03-02', 2, 109, 315),
(33, '2021-03-08', 2, 114, 369),
(34, '2021-03-08', 2, 114, 370),
(35, '2021-03-09', 1, 137, 617),
(36, '2021-03-09', 1, 137, 618),
(37, '2021-03-08', 1, 152, 782),
(38, '2021-03-08', 1, 152, 783),
(39, '2021-03-08', 1, 153, 793),
(40, '2021-03-08', 1, 153, 794),
(41, '2021-03-08', 2, 149, 750),
(42, '2021-03-12', 2, 142, 673),
(43, '2021-03-12', 2, 141, 662),
(44, '2021-03-05', 2, 142, 672),
(45, '2021-03-05', 2, 141, 661),
(46, '2021-03-09', 1, 122, 458),
(47, '2021-03-05', 1, 111, 337),
(48, '2021-03-09', 1, 112, 348),
(49, '2021-03-04', 1, 133, 574),
(50, '2021-03-09', 1, 154, 805),
(51, '2021-03-05', 1, 154, 804),
(52, '2021-03-08', 1, 147, 727),
(53, '2021-03-09', 1, 147, 728),
(54, '2021-03-03', 1, 146, 716),
(55, '2021-03-09', 1, 146, 717),
(56, '2021-03-08', 1, 165, 928),
(57, '2020-12-15', 1, 165, 927),
(58, '2021-03-09', 1, 108, 304),
(59, '2021-03-04', 2, 123, 469),
(60, '2020-12-20', 1, 123, 468),
(61, '2021-03-04', 1, 145, 705),
(62, '2021-03-04', 1, 145, 706),
(63, '2021-03-09', 1, 131, 551),
(64, '2021-03-09', 1, 131, 552),
(65, '2021-03-09', 1, 132, 562),
(66, '2021-03-09', 1, 132, 563),
(67, '2021-03-08', 1, 158, 848),
(68, '2021-03-08', 1, 158, 849),
(69, '2021-03-08', 2, 135, 595),
(70, '2021-03-08', 2, 135, 596),
(71, '2021-02-26', 1, 128, 518),
(72, '2021-02-26', 1, 128, 519),
(73, '2021-03-08', 1, 107, 293),
(74, '2021-03-08', 1, 148, 738),
(75, '2021-03-08', 1, 148, 739),
(76, '2021-03-03', 1, 144, 694),
(77, '2021-03-03', 1, 144, 695),
(78, '2020-12-20', 1, 117, 402),
(79, '2021-03-10', 1, 117, 403),
(80, '2021-03-01', 1, 119, 424),
(81, '2021-03-01', 1, 118, 413),
(82, '2021-03-01', 1, 119, 425),
(83, '2021-03-01', 1, 118, 414),
(84, '2021-03-03', 1, 157, 837),
(85, '2021-03-03', 1, 157, 838),
(86, '2021-03-03', 1, 156, 826),
(87, '2021-03-03', 1, 156, 827),
(88, '2021-03-02', 1, 151, 771),
(89, '2021-03-02', 2, 151, 772),
(90, '2021-02-26', 1, 126, 496),
(91, '2021-02-26', 1, 127, 507),
(92, '2021-02-26', 1, 126, 497),
(93, '2021-02-26', 1, 127, 508),
(94, '2021-03-15', 1, 125, 486),
(95, '2021-03-03', 1, 125, 485),
(96, '2021-03-18', 1, 160, 871),
(98, '2021-03-08', 1, 159, 860),
(99, '2021-03-05', 1, 160, 870),
(100, '2021-03-05', 1, 159, 859),
(102, '2021-03-19', 1, 129, 530),
(103, '2021-03-19', 1, 130, 541),
(104, '2021-03-19', 1, 124, 479),
(106, '2021-03-19', 1, 124, 480);

-- --------------------------------------------------------

--
-- Estructura de tabla para la tabla `recibos`
--

CREATE TABLE `recibos` (
  `id_recibo` int(255) NOT NULL,
  `id_cc` int(255) DEFAULT NULL,
  `id_alumno` int(11) DEFAULT NULL,
  `nro_recibo` varchar(255) DEFAULT NULL,
  `activo` int(255) DEFAULT NULL,
  `id_pago` int(255) DEFAULT NULL
) ENGINE=InnoDB DEFAULT CHARSET=utf8 ROW_FORMAT=DYNAMIC;

-- --------------------------------------------------------

--
-- Estructura de tabla para la tabla `telefonos`
--

CREATE TABLE `telefonos` (
  `id_telefono` int(11) NOT NULL,
  `numero_fijo` int(15) DEFAULT NULL,
  `numero_celular` bigint(15) DEFAULT NULL,
  `id_alumno` int(11) DEFAULT NULL,
  `id_tutor` int(255) DEFAULT NULL,
  `id_docente` int(11) DEFAULT NULL
) ENGINE=InnoDB DEFAULT CHARSET=utf8 ROW_FORMAT=DYNAMIC;

--
-- Volcado de datos para la tabla `telefonos`
--

INSERT INTO `telefonos` (`id_telefono`, `numero_fijo`, `numero_celular`, `id_alumno`, `id_tutor`, `id_docente`) VALUES
(120, 0, 0, 107, NULL, NULL),
(121, 0, 0, 108, NULL, NULL),
(122, 0, 0, NULL, NULL, 9),
(123, 0, 0, 109, NULL, NULL),
(124, 0, 2214559460, NULL, NULL, 10),
(125, 4871598, 2213614750, 110, NULL, NULL),
(126, 0, 2214553163, NULL, NULL, 11),
(127, 0, 2216097203, NULL, NULL, 12),
(128, 0, 2355501755, NULL, NULL, 13),
(129, 0, 2213556217, NULL, NULL, 14),
(130, 0, 2355441213, NULL, NULL, 15),
(131, 4730592, 2215971012, 111, NULL, NULL),
(132, 4741842, 2215994860, 112, NULL, NULL),
(133, 0, 2213032520, 113, NULL, NULL),
(134, 0, 1154677327, 114, NULL, NULL),
(135, 0, 2216130177, 115, NULL, NULL),
(136, 0, 2213071123, 116, NULL, NULL),
(137, 2147483647, 2215540394, 117, NULL, NULL),
(138, 2147483647, 2215117479, 118, NULL, NULL),
(139, 2147483647, 2215117479, 119, NULL, NULL),
(140, 4870463, 2216796840, 120, NULL, NULL),
(141, 0, 2216553983, 121, NULL, NULL),
(142, 4872075, 2215973357, 122, NULL, NULL),
(143, 4733490, 1141935937, 123, NULL, NULL),
(144, 0, 2215992567, 124, NULL, NULL),
(145, 4740926, 2215250891, 125, NULL, NULL),
(146, 4872276, 2216013281, 126, NULL, NULL),
(147, 2147483647, 2215934318, 127, NULL, NULL),
(148, 0, 2214088178, 128, NULL, NULL),
(149, 0, 2216384878, 129, NULL, NULL),
(150, 0, 2216000107, 130, NULL, NULL),
(151, 0, 1140610373, 131, NULL, NULL),
(152, 2147483647, 1149280842, 132, NULL, NULL),
(153, 0, 2216035544, 133, NULL, NULL),
(154, 2147483647, 2216788002, 134, NULL, NULL),
(155, 0, 2215415520, 135, NULL, NULL),
(156, 0, 1122876149, 136, NULL, NULL),
(157, 2147483647, 2216228943, 137, NULL, NULL),
(158, 4742481, 2213033792, 138, NULL, NULL),
(159, 0, 2216008610, 139, NULL, NULL),
(160, 0, 2213501061, 140, NULL, NULL),
(161, 0, 1139224720, 141, NULL, NULL),
(162, 1149325250, 1139224720, 142, NULL, NULL),
(163, 0, 2214942242, 143, NULL, NULL),
(164, 0, 1165982381, 144, NULL, NULL),
(165, 0, 2215038812, 145, NULL, NULL),
(166, 0, 2213569615, 146, NULL, NULL),
(167, 2147483647, 2216144810, 147, NULL, NULL),
(168, 0, 2214542270, 148, NULL, NULL),
(169, 4732542, 1155129140, 149, NULL, NULL),
(170, 4870747, 156161984, 150, NULL, NULL),
(171, 2147483647, 2213543986, 151, NULL, NULL),
(172, 0, 2215605046, 152, NULL, NULL),
(173, 0, 2215605046, 153, NULL, NULL),
(174, 4741678, 2215541199, 154, NULL, NULL),
(175, 4732420, 2215986172, 155, NULL, NULL),
(176, 0, 2214365222, 156, NULL, NULL),
(177, 0, 2216736926, 157, NULL, NULL),
(178, 0, 2213191464, 158, NULL, NULL),
(179, 0, 2213584769, 159, NULL, NULL),
(180, 0, 2214957334, 160, NULL, NULL),
(181, 4870189, 2215450030, 161, NULL, NULL),
(182, 4733462, 2216077782, 162, NULL, NULL),
(183, 0, 1169504225, 163, NULL, NULL),
(184, 0, 2215378181, 164, NULL, NULL),
(185, 2147483647, 2216556216, 165, NULL, NULL);

-- --------------------------------------------------------

--
-- Estructura de tabla para la tabla `tutores`
--

CREATE TABLE `tutores` (
  `id_tutor` int(11) NOT NULL,
  `dni` int(10) DEFAULT NULL,
  `apellido` varchar(255) DEFAULT NULL,
  `nombre` varchar(255) DEFAULT NULL,
  `mail` varchar(255) DEFAULT NULL,
  `domicilio` varchar(255) DEFAULT NULL,
  `activo` int(2) DEFAULT NULL
) ENGINE=InnoDB DEFAULT CHARSET=utf8 ROW_FORMAT=DYNAMIC;

-- --------------------------------------------------------

--
-- Estructura de tabla para la tabla `tutor_alumnos`
--

CREATE TABLE `tutor_alumnos` (
  `id_alumno` int(11) DEFAULT NULL,
  `id_tutor` int(11) DEFAULT NULL
) ENGINE=InnoDB DEFAULT CHARSET=utf8 ROW_FORMAT=DYNAMIC;

--
-- Volcado de datos para la tabla `tutor_alumnos`
--

INSERT INTO `tutor_alumnos` (`id_alumno`, `id_tutor`) VALUES
(107, NULL),
(108, NULL),
(109, NULL),
(110, NULL),
(111, NULL),
(112, NULL),
(113, NULL),
(114, NULL),
(115, NULL),
(116, NULL),
(117, NULL),
(118, NULL),
(119, NULL),
(120, NULL),
(121, NULL),
(122, NULL),
(123, NULL),
(124, NULL),
(125, NULL),
(126, NULL),
(127, NULL),
(128, NULL),
(129, NULL),
(130, NULL),
(131, NULL),
(132, NULL),
(133, NULL),
(134, NULL),
(135, NULL),
(136, NULL),
(137, NULL),
(138, NULL),
(139, NULL),
(140, NULL),
(141, NULL),
(142, NULL),
(143, NULL),
(144, NULL),
(145, NULL),
(146, NULL),
(147, NULL),
(148, NULL),
(149, NULL),
(150, NULL),
(151, NULL),
(152, NULL),
(153, NULL),
(154, NULL),
(155, NULL),
(156, NULL),
(157, NULL),
(158, NULL),
(159, NULL),
(160, NULL),
(161, NULL),
(162, NULL),
(163, NULL),
(164, NULL),
(165, NULL);

-- --------------------------------------------------------

--
-- Estructura de tabla para la tabla `usuarios`
--

CREATE TABLE `usuarios` (
  `Id_usuario` int(11) NOT NULL,
  `usuario` varchar(255) DEFAULT NULL,
  `clave` varchar(255) DEFAULT NULL,
  `nivel` int(2) DEFAULT NULL
) ENGINE=InnoDB DEFAULT CHARSET=utf8 ROW_FORMAT=DYNAMIC;

--
-- Volcado de datos para la tabla `usuarios`
--

INSERT INTO `usuarios` (`Id_usuario`, `usuario`, `clave`, `nivel`) VALUES
(11, 'jimena', 'ff1d9b386e4ec3abe1a430d5c071324316c3604a', 1);

--
-- Índices para tablas volcadas
--

--
-- Indices de la tabla `alumnos`
--
ALTER TABLE `alumnos`
  ADD PRIMARY KEY (`id_personas`) USING BTREE,
  ADD KEY `nom` (`nombre`) USING BTREE,
  ADD KEY `ape` (`apellido`) USING BTREE,
  ADD KEY `doc` (`dni`) USING BTREE,
  ADD KEY `id_personas` (`id_personas`) USING BTREE,
  ADD KEY `id_personas_2` (`id_personas`) USING BTREE,
  ADD KEY `id_personas_3` (`id_personas`) USING BTREE,
  ADD KEY `id_personas_4` (`id_personas`) USING BTREE;

--
-- Indices de la tabla `cuenta_corriente`
--
ALTER TABLE `cuenta_corriente`
  ADD PRIMARY KEY (`id_cc`) USING BTREE,
  ADD KEY `idpersona` (`id_persona`) USING BTREE,
  ADD KEY `an` (`anio`) USING BTREE,
  ADD KEY `cuo` (`cuota`) USING BTREE,
  ADD KEY `pag` (`pago`) USING BTREE;

--
-- Indices de la tabla `cursos`
--
ALTER TABLE `cursos`
  ADD PRIMARY KEY (`id_curso`) USING BTREE;

--
-- Indices de la tabla `curso_docente_alumnos`
--
ALTER TABLE `curso_docente_alumnos`
  ADD KEY `id_doc` (`id_docente`) USING BTREE,
  ADD KEY `id_libro` (`id_libro`) USING BTREE,
  ADD KEY `id_a` (`id_alumno`) USING BTREE,
  ADD KEY `id_cur` (`id_curso`) USING BTREE;

--
-- Indices de la tabla `docentes`
--
ALTER TABLE `docentes`
  ADD PRIMARY KEY (`id_docente`) USING BTREE;

--
-- Indices de la tabla `fichas_salud`
--
ALTER TABLE `fichas_salud`
  ADD PRIMARY KEY (`id_ficha`) USING BTREE,
  ADD KEY `Id_alumn` (`id_alumno`) USING BTREE;

--
-- Indices de la tabla `gastos`
--
ALTER TABLE `gastos`
  ADD PRIMARY KEY (`id_pago`) USING BTREE,
  ADD KEY `tp` (`medio`) USING BTREE,
  ADD KEY `fe` (`fecha`) USING BTREE;

--
-- Indices de la tabla `libros`
--
ALTER TABLE `libros`
  ADD PRIMARY KEY (`id_libro`) USING BTREE;

--
-- Indices de la tabla `medios_pago`
--
ALTER TABLE `medios_pago`
  ADD PRIMARY KEY (`id_medio`) USING BTREE;

--
-- Indices de la tabla `pagos`
--
ALTER TABLE `pagos`
  ADD PRIMARY KEY (`id_pago`) USING BTREE,
  ADD KEY `Id_alumns` (`id_alumno`) USING BTREE,
  ADD KEY `idcc` (`id_cc`) USING BTREE,
  ADD KEY `tp` (`medio`) USING BTREE,
  ADD KEY `fe` (`fecha`) USING BTREE;

--
-- Indices de la tabla `recibos`
--
ALTER TABLE `recibos`
  ADD PRIMARY KEY (`id_recibo`) USING BTREE,
  ADD KEY `alumno` (`id_alumno`) USING BTREE,
  ADD KEY `recibo` (`nro_recibo`) USING BTREE,
  ADD KEY `cc` (`id_cc`) USING BTREE,
  ADD KEY `pago` (`id_pago`) USING BTREE;

--
-- Indices de la tabla `telefonos`
--
ALTER TABLE `telefonos`
  ADD PRIMARY KEY (`id_telefono`) USING BTREE,
  ADD KEY `id_a` (`id_alumno`) USING BTREE,
  ADD KEY `id_t` (`id_tutor`) USING BTREE,
  ADD KEY `docente` (`id_docente`) USING BTREE;

--
-- Indices de la tabla `tutores`
--
ALTER TABLE `tutores`
  ADD PRIMARY KEY (`id_tutor`) USING BTREE,
  ADD KEY `id_t` (`id_tutor`) USING BTREE,
  ADD KEY `ap` (`apellido`) USING BTREE,
  ADD KEY `doc` (`activo`) USING BTREE;

--
-- Indices de la tabla `tutor_alumnos`
--
ALTER TABLE `tutor_alumnos`
  ADD KEY `id_al` (`id_alumno`) USING BTREE,
  ADD KEY `id_tut` (`id_tutor`) USING BTREE;

--
-- Indices de la tabla `usuarios`
--
ALTER TABLE `usuarios`
  ADD PRIMARY KEY (`Id_usuario`) USING BTREE;

--
-- AUTO_INCREMENT de las tablas volcadas
--

--
-- AUTO_INCREMENT de la tabla `alumnos`
--
ALTER TABLE `alumnos`
  MODIFY `id_personas` int(11) NOT NULL AUTO_INCREMENT, AUTO_INCREMENT=166;

--
-- AUTO_INCREMENT de la tabla `cuenta_corriente`
--
ALTER TABLE `cuenta_corriente`
  MODIFY `id_cc` int(255) NOT NULL AUTO_INCREMENT, AUTO_INCREMENT=938;

--
-- AUTO_INCREMENT de la tabla `cursos`
--
ALTER TABLE `cursos`
  MODIFY `id_curso` int(11) NOT NULL AUTO_INCREMENT, AUTO_INCREMENT=46;

--
-- AUTO_INCREMENT de la tabla `docentes`
--
ALTER TABLE `docentes`
  MODIFY `id_docente` int(11) NOT NULL AUTO_INCREMENT, AUTO_INCREMENT=16;

--
-- AUTO_INCREMENT de la tabla `fichas_salud`
--
ALTER TABLE `fichas_salud`
  MODIFY `id_ficha` int(11) NOT NULL AUTO_INCREMENT, AUTO_INCREMENT=13;

--
-- AUTO_INCREMENT de la tabla `gastos`
--
ALTER TABLE `gastos`
  MODIFY `id_pago` int(11) NOT NULL AUTO_INCREMENT, AUTO_INCREMENT=16;

--
-- AUTO_INCREMENT de la tabla `libros`
--
ALTER TABLE `libros`
  MODIFY `id_libro` int(11) NOT NULL AUTO_INCREMENT, AUTO_INCREMENT=22;

--
-- AUTO_INCREMENT de la tabla `medios_pago`
--
ALTER TABLE `medios_pago`
  MODIFY `id_medio` int(255) NOT NULL AUTO_INCREMENT, AUTO_INCREMENT=4;

--
-- AUTO_INCREMENT de la tabla `pagos`
--
ALTER TABLE `pagos`
  MODIFY `id_pago` int(11) NOT NULL AUTO_INCREMENT, AUTO_INCREMENT=107;

--
-- AUTO_INCREMENT de la tabla `recibos`
--
ALTER TABLE `recibos`
  MODIFY `id_recibo` int(255) NOT NULL AUTO_INCREMENT, AUTO_INCREMENT=4;

--
-- AUTO_INCREMENT de la tabla `telefonos`
--
ALTER TABLE `telefonos`
  MODIFY `id_telefono` int(11) NOT NULL AUTO_INCREMENT, AUTO_INCREMENT=186;

--
-- AUTO_INCREMENT de la tabla `tutores`
--
ALTER TABLE `tutores`
  MODIFY `id_tutor` int(11) NOT NULL AUTO_INCREMENT, AUTO_INCREMENT=160;

--
-- AUTO_INCREMENT de la tabla `usuarios`
--
ALTER TABLE `usuarios`
  MODIFY `Id_usuario` int(11) NOT NULL AUTO_INCREMENT, AUTO_INCREMENT=12;
COMMIT;

/*!40101 SET CHARACTER_SET_CLIENT=@OLD_CHARACTER_SET_CLIENT */;
/*!40101 SET CHARACTER_SET_RESULTS=@OLD_CHARACTER_SET_RESULTS */;
/*!40101 SET COLLATION_CONNECTION=@OLD_COLLATION_CONNECTION */;
