-- phpMyAdmin SQL Dump
-- version 5.0.4
-- https://www.phpmyadmin.net/
--
-- Servidor: 127.0.0.1
-- Tiempo de generación: 01-03-2022 a las 22:04:59
-- Versión del servidor: 10.4.17-MariaDB
-- Versión de PHP: 7.3.27

SET SQL_MODE = "NO_AUTO_VALUE_ON_ZERO";
START TRANSACTION;
SET time_zone = "+00:00";


/*!40101 SET @OLD_CHARACTER_SET_CLIENT=@@CHARACTER_SET_CLIENT */;
/*!40101 SET @OLD_CHARACTER_SET_RESULTS=@@CHARACTER_SET_RESULTS */;
/*!40101 SET @OLD_COLLATION_CONNECTION=@@COLLATION_CONNECTION */;
/*!40101 SET NAMES utf8mb4 */;

--
-- Base de datos: `wings`
--

-- --------------------------------------------------------

--
-- Estructura de tabla para la tabla `alumnos`
--

CREATE TABLE `alumnos` (
  `id_personas` int(11) NOT NULL,
  `dni` bigint(9) DEFAULT NULL,
  `nombre` varchar(255) NOT NULL,
  `apellido` varchar(255) NOT NULL,
  `email` varchar(255) DEFAULT NULL,
  `domicilio` varchar(255) DEFAULT NULL,
  `activo` int(2) DEFAULT NULL,
  `fecha_nacimiento` date DEFAULT NULL,
  `ingreso` date DEFAULT NULL,
  `autorizacion_redes` int(2) DEFAULT NULL,
  `observaciones` varchar(255) DEFAULT NULL
) ENGINE=InnoDB DEFAULT CHARSET=utf8 ROW_FORMAT=DYNAMIC;

--
-- Volcado de datos para la tabla `alumnos`
--

INSERT INTO `alumnos` (`id_personas`, `dni`, `nombre`, `apellido`, `email`, `domicilio`, `activo`, `fecha_nacimiento`, `ingreso`, `autorizacion_redes`, `observaciones`) VALUES
(107, 47788768, 'GUADALUPE', 'MOLINA DELGADO', '', '', 1, '0000-00-00', '0000-00-00', 1, ''),
(108, 47158180, 'CLARA', 'DEDOMENICI', '', '', 1, '2006-09-15', '0000-00-00', 1, ''),
(109, 28991235, 'BáRBARA', 'BRAVO', '', '', 1, '0000-00-00', '2021-02-02', 1, ''),
(110, 45153193, 'JOSEFINA', 'GóMEZ', 'liragomez@yahoo.com.ar', 'DIAG. 428 N325', 0, '2005-05-08', '2018-03-03', 1, ''),
(111, 14145099, 'CARMEN', 'ARROYO', 'carmengfel@hotmail.com ', '22 BIS N° 2217 VILLA ELISA', 1, '0000-00-00', '2018-03-03', 1, ''),
(112, 46010538, 'EZEQUIEL', 'CABRERA', '', '413 Y 136', 0, '0000-00-00', '2012-03-03', 1, ''),
(113, 50244018, 'ÁLVARO', 'GELOS', 'm_polisili@hotmail.com', 'CALLE 10 N° 1878 VILLA ELISA', 1, '2010-03-13', '2019-03-08', 1, ''),
(114, 11507207, 'MIRTA', 'DA CONCEçIAO', '', '', 1, '1955-02-16', '2018-03-08', 1, ''),
(115, 43194555, 'MARIANO', 'OLAECHEA ', '', '', 1, '2002-03-06', '2020-03-08', 1, ''),
(116, 47378598, 'AZUL', 'CORREIA', 'azulitanerea@gmail.com', 'CAMINO BELGRANO E/409 Y 411N1785', 1, '0000-00-00', '2016-03-08', 1, ''),
(117, 51261012, 'PILAR ', 'PETRUCCELLI', 'aidasmore@hotmail.com', '9 NúMERO 2194', 1, '0000-00-00', '2020-03-08', 1, ''),
(118, 50531369, 'GIOVANNA', 'PIUMATTI', 'sergiopiumatti@hotmail.com', '29  E/409 Y 411 N° 1803', 1, '2010-08-18', '2021-03-08', 1, ''),
(119, 53374154, 'GIANLUCA', 'PIUMATTI', 'sergiopiumatti@hotmail.com', '29 E/ 409 Y 411 N° 1803', 1, '0000-00-00', '2021-03-08', 1, ''),
(120, 45153113, 'INTI', 'CHAPPERO', 'Intichiappero@gmail.com', '425 ESQUINA 22', 1, '0000-00-00', '2020-03-08', 1, ''),
(121, 47315200, 'EMA', 'JUáREZ', 'clauenoguera@gmail.com', 'DIAG 427 #442 ', 1, '0000-00-00', '2019-03-08', 1, ''),
(122, 50392631, 'AGUSTINA', 'ANDRADE', 'diasmonica1974@gmail.com', '15 NRO 707 ESQUINA 421  VILLA ELISA', 1, '0000-00-00', '2018-03-08', 1, ''),
(123, 49960407, 'JOSEFINA', 'DURANTE', 'solgonzalezt@gmail.com ', 'CALLE 420 1323', 1, '0000-00-00', '2019-03-08', 1, ''),
(124, 42947045, 'JUAN IGNACIO', 'FRANCO', 'francojuanignacio23@gmail.com ', '421 BIS E/10 Y 11', 1, '0000-00-00', '2019-08-03', 1, ''),
(125, 46695548, 'MORENA', 'ALONSO', 'Morealonso2005@gmail.com', '136 E 438 Y 439', 1, '0000-00-00', '2021-03-08', 1, ''),
(126, 47743379, 'AGUSTINA', 'UZAL', 'agusuzal@gmail.com', '6 N 1846 51 Y 52', 1, '0000-00-00', '2021-03-08', 1, ''),
(127, 47743378, 'LUCíA', 'UZAL', 'luciauzal2006@gmail.com ', '6 N 1846 51 Y 52', 1, '0000-00-00', '2021-03-08', 1, ''),
(128, 48307192, 'CAMILO MARCOS', 'LóPEZ BUDIñO', 'odilabb@gmail.com', 'CALLE 50#124.VILLA ELISA', 1, '0000-00-00', '2021-03-08', 1, ''),
(129, 92536747, 'ALEXANDRA', 'COSTA', 'costa.alexandrag@gmail.com', '416 #2770', 1, '0000-00-00', '2021-03-08', 1, ''),
(130, 24546242, 'JUAN AGUSTIN', 'KUCIC ', 'estudiokucic@gmail.com', '416 #2770', 1, '0000-00-00', '2021-03-08', 1, ''),
(131, 28991042, 'MARíA DOLORES ', 'FERNANDEZ GENER  ', 'loli_arte@hotmail.com', '46 N 390', 0, '0000-00-00', '2020-03-08', 1, ''),
(132, 26523798, 'MARIO', 'MAJNARIC ', 'mariomajnaric@gmail.com', '46 NUM 390 VILLA ELISA', 0, '0000-00-00', '2020-03-08', 1, ''),
(133, 47551842, 'LUANA', 'CANALE ', 'luacanale06@gmail.com ', '433 ESQUINA 139', 1, '0000-00-00', '2021-03-08', 1, ''),
(134, 50152189, 'LUISANA', 'OJEDA PIERONI', 'paodeky@hotmail.com', '5 EX 11 NúMERO 1990', 1, '2010-03-25', '2020-03-08', 1, ''),
(135, 44785327, 'MARIA DOLORES', 'LERDA SORIANO ', 'doloreslerda@gmail.com', '489 NRO 1860', 1, '2003-05-03', '2021-03-08', 1, ''),
(136, 44785480, 'BAUTISTA ', 'SAAVEDRA ', 'bauti.saavedra.19@gmail.com ', '409 E 20 22 N 1948', 1, '2003-05-19', '2021-03-08', 1, ''),
(137, 44669452, 'MARTINA', 'BORKOUSKI', 'martuborkouski@gmail.com', '133 ESQUINA 485 BARRIO SAN FACUNDO CASA 94', 1, '2003-02-14', '2021-03-08', 1, ''),
(138, 43852587, 'JERóNIMO ', 'GóMEZ TANTARELLI ', 'jeronimogomeztantarelli@yahoo.com.ar', '143 Y 412 ', 0, '2002-01-05', '2021-03-08', 1, ''),
(139, 44590343, 'AMBAR', 'ANDERFUHRN', 'ambaranderfuhrn@gmail.com', '5 NRO 1572', 1, '2003-08-02', '2016-03-08', 1, ''),
(140, 46628382, 'CONSUELO', 'SAAVEDRA ', 'coni.saavedra.22@gmail.com', '409 E 20 22 N 1948', 1, '2005-09-22', '2016-03-09', 1, ''),
(141, 47344476, 'LUCíA', 'AMICONE', 'cecimerli1982@gmail.com', '408 (2297) Y 24', 1, '2006-07-31', '2021-03-08', 1, ''),
(142, 48385314, 'JOSEFINA', 'AMICONE', 'cecimerli1982@gmail.com', '408 (2297) Y 24', 0, '2007-11-21', '2021-03-08', 1, ''),
(143, 44006926, 'LEANDRO AGUSTíN', 'BIE ', 'lean.bie@hotmail.com', '30 E/ 449 & 450', 1, '2002-04-14', '2021-03-08', 1, ''),
(144, 49355800, 'ALMA MUñAY', 'ODELLO CASTRO ', 'solcintiacastro@gmail.com', 'CALLE 6 N 2210 TIMBRE 7', 1, '2009-07-28', '2021-03-08', 1, ''),
(145, 45187372, 'JIMENA', 'ESCOBAR', 'escobaryuri155@gmail.com', 'CALLE 416 NUMERO 2580 ', 1, '2004-02-06', '2021-03-08', 1, ''),
(146, 46892692, 'FRANCESCA', 'D\'AMBROSSIO', 'francesca.2005.d@gmail.com', '430 N° 3763', 1, '2005-11-28', '2021-03-08', 1, ''),
(147, 16462239, 'MARCELA', 'CRISTALDO', 'cristaldomarcela@hotmail.com', '9 N1145 E/44 Y 45 VILLA ELISA', 1, '1963-01-25', '2018-03-09', 1, ''),
(148, 47158132, 'ABRIL CONSTANZA', 'NOGUERA', 'akina1986@hotmail.com', '412 E 28 Y 29', 1, '2006-07-15', '2021-03-08', 1, ''),
(149, 45986302, 'IGNACIO EXEQUIEL', 'ÁLVAREZ ANDREOLI', 'apalessandra@gmail.com', '47 NRO 754 ENTRE 7 Y 8', 1, '2004-06-14', '2011-03-09', 1, ''),
(150, 25720476, 'SEBASTIáN', 'CATAFFO', 'scataffo@yahoo.com.ar', '425 NUMERO 1817 VILLA ELISA', 0, '1977-01-07', '2021-03-08', 1, ''),
(151, 45075136, 'MATíAS', 'TOLCACH', 'mtolcach@gmail.com', 'CALLE 405 Nº3052', 0, '2003-09-30', '2017-03-09', 1, ''),
(152, 47792366, 'FéLIX', 'ALLAN', 'Felfa344@gmail.com', '423 NRO 3257', 1, '2007-01-06', '2021-03-09', 1, ''),
(153, 49528753, 'TOBíAS', 'ALLAN', 'Carlaciampi@hotmail.com ', '423 NRO 3257', 1, '2009-04-30', '2021-03-08', 1, ''),
(154, 22596381, 'ASTRID VANESA', 'CRIBELLATI', 'astridtuk@hotmail.com', '141 Y 409 ARTURO SEGUí', 0, '1972-01-28', '2021-03-08', 1, ''),
(155, 47438785, 'BáRBARA', 'GRIN', 'ochoag225@gmail.com', '422 Y ESQ 21D ', 1, '2006-09-03', '2019-03-09', 1, ''),
(156, 44590310, 'DAMIáN ALEJANDRO', 'SILVA', 'damiangenio10@gmail.com', '429 Nº 3160  E/ 26 Y 27 EL RINCóN', 1, '2003-06-26', '2018-03-09', 1, ''),
(157, 47788720, 'CAMILA FERNANDA', 'SILVA', 'camisilva2209gmail.com', '429 Nº 3160 E/ 26 Y 27 EL RINCóN', 0, '2007-09-22', '2021-03-08', 1, ''),
(158, 49172531, 'MORENA ABRIL', 'HAWRRYSZKOW', 'carinalem@hotmail.com', '115 NRO 1140 413/414', 1, '2008-11-14', '2018-03-09', 1, ''),
(159, 48430924, 'VALENTINO', 'DEDOMENICI', 'Valendedomenici@gmail.com', '12 E/ 55 Y 56 N2257', 1, '2007-12-22', '2021-03-08', 1, ''),
(160, 45986752, 'SOL', 'DEDOMENICI', 'Solcitodedo123@gmail.com ', '12 E/ 55 Y 56 N2257', 1, '2004-10-16', '2019-03-09', 1, ''),
(161, 10793425, 'LILIANA', 'BARRIGA LOURENçO', 'lilimagnolias@hotmail.com', '6 NRO934 VILLA ELISA', 1, '1953-09-25', '2018-03-09', 1, ''),
(162, 45153045, 'CANDELA DENISE', 'TELLO', 'kndla088@gmail.com ', 'CALLE 60 ENTRE 22 Y 23 ', 0, '2003-11-08', '2019-03-08', 1, ''),
(163, 40031942, 'CATALINA', 'COARASA', 'ccoarasa@gmail.com', '', 0, '1997-01-23', '2021-01-10', 1, ''),
(164, 40031941, 'PILAR', 'COARASA', '', '', 0, '1997-01-23', '2021-03-15', 1, ''),
(165, 51495942, 'PAULA', 'DALZOBO', 'silviagoni@hotmail.com', '6 NUM 2093 VILLA ELISA ', 0, '0000-00-00', '2020-03-09', 1, ''),
(166, 48697929, 'ROCCO', 'SCAGLIA', '', '', 1, '2008-04-05', '0000-00-00', 1, ''),
(167, 42624755, 'ESTEFANíA', 'CARRUEGA', '', '', 0, '2000-07-06', '2021-03-08', 1, ''),
(168, 48361998, 'AUGUSTO', 'GARCíA', 'claudiagatti@rocketmail.com', '8 NRO 2460', 1, '2008-01-17', '2020-03-15', 1, ''),
(169, 48938175, 'CANDELARIA', 'LASTIRI', '', '', 1, '2008-08-09', '0000-00-00', 1, ''),
(170, 31026559, 'BRUNO', 'CARNOVALE', '', '', 1, '1984-07-15', '2021-03-19', 1, ''),
(171, 46628328, 'MARTINA', 'ROMERO KLEIN', '', '', 1, '2005-07-23', '2021-04-05', 1, ''),
(172, 46628314, 'FIORELLA', 'BRUSATORI', '', '', 1, '2005-07-15', '2021-04-05', 1, ''),
(173, 44460902, 'SOFIA', 'TAPIA', '', '', 0, '2003-02-06', '0000-00-00', 1, ''),
(174, 46639320, 'LOURDES BELéN', 'BUCCIARELLI', '', '', 1, '2005-04-20', '0000-00-00', 1, ''),
(175, 48430632, 'JUAN IGNACIO', 'BASíLICO', '', '', 1, '2007-12-05', '0000-00-00', 1, ''),
(176, 43184345, 'FRANCO', 'JULIANO', '', '', 1, '2001-03-26', '0000-00-00', 1, ''),
(177, 4317881, 'AMPARO', 'SAAVEDRA ', '', '', 1, '2001-02-05', '0000-00-00', 1, ''),
(178, 48661508, 'FAUSTINO', 'SAAVEDRA', '', '', 1, '2008-05-26', '0000-00-00', 1, ''),
(179, 48511391, 'TOMáS', 'CEBALLOS', '', '', 0, '2008-02-28', '2021-04-13', 1, ''),
(180, 38437377, 'SOLANGE', 'CASTILLO', '', '', 0, '1994-11-11', '0000-00-00', 1, ''),
(181, 49926138, 'PABLO', 'CONTE GRAND', '', '', 1, '2009-11-18', '0000-00-00', 1, ''),
(182, 46291145, 'ISABEL', 'CONTE GRAND', '', '', 1, '2004-12-20', '0000-00-00', 1, ''),
(183, 47249295, 'JUAN FRANCISCO', 'CONTE GRAND', '', '', 1, '2006-09-07', '0000-00-00', 1, ''),
(184, 46272487, 'ISIDRO', 'MARTIARENA', '', '', 0, '2005-05-31', '0000-00-00', 1, ''),
(185, 46105994, 'CARMELA', 'GARCíA', '', '', 0, '2004-11-04', '0000-00-00', 1, ''),
(186, 44352347, 'MELINA', 'BELOHLAWEK', '', '', 1, '2002-11-23', '0000-00-00', 1, ''),
(187, 29954819, 'VERóNICA', 'CRESPO', '', '', 0, '1982-12-21', '0000-00-00', 1, ''),
(188, 49612940, 'PéREZ', 'CATALINA', '', '', 0, '2021-10-23', '2021-03-08', 1, ''),
(189, 49115905, 'MATILDA', 'GARCíA GáRGANO', '', '', 1, '2008-11-03', '2021-04-21', 1, ''),
(190, 45356011, 'NAIARA', 'AGUYARO', '', '', 1, '2004-02-12', '2018-03-01', 1, ''),
(191, 31298660, 'NATALIA', 'BUZZEIRO', '', '', 1, '1984-11-12', '2021-05-04', 1, ''),
(192, 50726171, 'JULIANA', 'GOURRIA', '', '', 1, '2011-08-31', '2021-05-03', 1, ''),
(193, 45737778, 'IGNACIO', 'MARíN CASTRO', '', '', 1, '2004-05-17', '2010-03-10', 1, ''),
(194, 45523019, 'AGUSTINA', 'MIZZAU', '', '', 1, '2004-02-12', '2021-05-12', 1, ''),
(195, 46335055, 'AZUL', 'POUSADA', '', '', 1, '2005-02-10', '2021-05-11', 1, ''),
(196, 46877414, 'MARíA TRINIDAD', 'CUNHA FERRé', '', '', 1, '2005-09-17', '2011-03-10', 1, ''),
(197, 47569427, 'MANUEL JOSé', 'CUNHA FERRé', '', '', 1, '2006-11-09', '2012-03-10', 1, ''),
(198, 34523557, 'GONZALO GABRIEL', 'BERDAZAIZ', '', '', 0, '1989-11-08', '2021-05-24', 1, ''),
(199, 52928430, 'BAUTISTA', 'BáEZ', '', '', 1, '2013-01-21', '2021-05-21', 1, ''),
(200, 48859572, 'IGNACIO JAVIER', 'CUNHA FERRé', '', '', 1, '2008-09-05', '0000-00-00', 1, ''),
(201, 47307071, 'VICTORIA', 'SANTORO', '', '', 1, '2006-03-23', '0000-00-00', 1, ''),
(202, 53199270, 'ÑUSTA', 'TELLO DUFAU', '', '', 0, '2013-04-25', '2021-03-08', 1, ''),
(203, 48991035, 'HELIANA DESIREé', 'MONTES DE OCA', '', '', 0, '2009-02-03', '2021-06-16', 1, ''),
(204, 48661541, 'FRANCISCO', 'DEDOMENICI', '', '7 ENTRE 51 Y 52', 1, '2008-08-03', '0000-00-00', 1, ''),
(205, 50250176, 'JUAN IGNACIO', 'DEDOMENICI', '', '7 ENTRE 51 Y 52', 1, '2010-09-14', '0000-00-00', 1, ''),
(206, 47182102, 'MILAGROS', 'SANTUCCI', '', '46 ENTRE 7 Y 8', 1, '2006-07-20', '2021-06-17', 1, ''),
(207, 45153044, 'FRANCO', 'CAPORNIO', '', '', 1, '2003-11-03', '2021-06-28', 1, ''),
(208, 45780258, 'SANTINO', 'DI LUCCA', '', '146 NRO 3519', 0, '2004-02-24', '2021-07-16', 1, ''),
(209, 39150323, 'CAROLINA', 'CASTAñO', 'Carocastano12@gmail.com', '6 E/ 49 Y 50', 0, '1995-09-05', '2021-08-03', 1, ''),
(210, 44460968, 'SANTIAGO', 'FREDES', '', '409 E 20 Y 22 N 1948', 1, '2003-04-12', '2021-08-12', 1, ''),
(211, 48459561, 'AVRIL', 'MEDINA', '', '', 1, '2007-11-05', '2021-08-06', 1, ''),
(212, 49315653, 'DELFINA', 'MEDINA', '', '', 1, '2008-12-17', '2021-08-06', 1, ''),
(213, 24099687, 'JULIA', 'MONTENEGRO', '', '12 NRO 2546 ENTRE 58 Y 59', 1, '1975-05-07', '2021-08-03', 1, ''),
(214, 46272497, 'CORINA', 'QUIñONES', '', '423BIS E/ 15 Y 16', 0, '2005-05-15', '2021-08-10', 1, ''),
(215, 43731652, 'ROMINA', 'MAFFEI', '', '', 1, '2001-10-26', '2021-08-03', 1, ''),
(216, 40082608, 'HéCTOR', 'RIVEROS', '', '', 0, '1997-01-29', '2021-08-03', 1, ''),
(217, 29543370, 'MARíA CECILIA', 'MERLI', '', '408 NRO 2271', 1, '1982-05-24', '2021-09-02', 1, ''),
(218, 53284415, 'MATEO', 'ROMERO', '', 'CALLE 423 ESQ. 18', 1, '2013-06-17', '2022-03-07', 1, '4TO GRADO EN 2022, TIENE FACILIDAD PERO NUNCA ESTUDIó INGLéS. (ESC. PúBLICA)'),
(219, 53520330, 'VALENTINO', 'SQUARINI', '', '53 NRO 274 E/ 3 Y 4', 1, '2013-09-29', '2022-02-14', 1, ''),
(220, 54066940, 'AGUSTINA', 'GHIGGERI', '', '467 ESQ. 132', 1, '2014-06-14', '2022-02-15', 1, ''),
(221, 48431513, 'URIEL', 'MURGA VEIZAGA', '', '467 ESQ. 132', 1, '2007-11-16', '2022-02-15', 1, 'TIENE DISLEXIA'),
(222, 47637735, 'DANA', 'ABOY', '', '419 ENTRE 139 Y 141', 1, '2006-09-26', '2022-02-17', 1, ''),
(223, 53142744, 'EMA', 'ABOY', '', 'AVENIDA ARANA ENTRE 139 Y 141, BARRIO \"LOS CIRUELOS \"', 1, '2013-04-23', '2022-02-17', 1, '');

-- --------------------------------------------------------

--
-- Estructura de tabla para la tabla `cuenta_corriente`
--

CREATE TABLE `cuenta_corriente` (
  `id_cc` int(255) NOT NULL,
  `id_persona` int(255) DEFAULT NULL,
  `anio` int(255) DEFAULT NULL,
  `cuota` int(255) DEFAULT NULL,
  `monto` double(255,2) DEFAULT NULL,
  `pago` int(255) DEFAULT NULL,
  `activo` int(11) NOT NULL
) ENGINE=InnoDB DEFAULT CHARSET=utf8 ROW_FORMAT=DYNAMIC;

--
-- Volcado de datos para la tabla `cuenta_corriente`
--

INSERT INTO `cuenta_corriente` (`id_cc`, `id_persona`, `anio`, `cuota`, `monto`, `pago`, `activo`) VALUES
(292, 107, 2021, 0, 1100.00, 1, 1),
(293, 107, 2021, 3, 2900.00, 1, 1),
(294, 107, 2021, 4, 2900.00, 1, 1),
(295, 107, 2021, 5, 3100.00, 1, 1),
(296, 107, 2021, 6, 3100.00, 1, 1),
(297, 107, 2021, 7, 3100.00, 1, 1),
(298, 107, 2021, 8, 0.00, 0, 1),
(299, 107, 2021, 9, 3100.00, 1, 1),
(300, 107, 2021, 10, 3100.00, 1, 1),
(301, 107, 2021, 11, 3100.00, 1, 1),
(302, 107, 2021, 12, 3100.00, 1, 1),
(303, 108, 2021, 0, 1100.00, 1, 1),
(304, 108, 2021, 3, 7900.00, 1, 1),
(305, 108, 2021, 4, 7900.00, 1, 1),
(306, 108, 2021, 5, 7900.00, 1, 1),
(307, 108, 2021, 6, 7900.00, 1, 1),
(308, 108, 2021, 7, 2633.00, 1, 1),
(309, 108, 2021, 8, 2833.00, 1, 1),
(310, 108, 2021, 9, 2833.00, 1, 1),
(311, 108, 2021, 10, 2833.00, 1, 1),
(312, 108, 2021, 11, 0.00, 0, 1),
(313, 108, 2021, 12, 0.00, 0, 1),
(314, 109, 2021, 0, 0.00, 0, 1),
(315, 109, 2021, 3, 2000.00, 1, 1),
(316, 109, 2021, 4, 2100.00, 1, 1),
(317, 109, 2021, 5, 2100.00, 1, 1),
(318, 109, 2021, 6, 2100.00, 1, 1),
(319, 109, 2021, 7, 2100.00, 1, 1),
(320, 109, 2021, 8, 2300.00, 1, 1),
(321, 109, 2021, 9, 2300.00, 1, 1),
(322, 109, 2021, 10, 2300.00, 1, 1),
(323, 109, 2021, 11, 0.00, 0, 1),
(324, 109, 2021, 12, 0.00, 0, 1),
(325, 110, 2021, 0, 0.00, 0, 0),
(326, 110, 2021, 3, 3100.00, 1, 1),
(327, 110, 2021, 4, 0.00, 0, 0),
(328, 110, 2021, 5, 0.00, 0, 0),
(329, 110, 2021, 6, 0.00, 0, 0),
(330, 110, 2021, 7, 0.00, 0, 0),
(331, 110, 2021, 8, 0.00, 0, 0),
(332, 110, 2021, 9, 0.00, 0, 0),
(333, 110, 2021, 10, 0.00, 0, 0),
(334, 110, 2021, 11, 0.00, 0, 0),
(335, 110, 2021, 12, 0.00, 0, 0),
(336, 111, 2021, 0, 0.00, 0, 1),
(337, 111, 2021, 3, 2900.00, 1, 1),
(338, 111, 2021, 4, 2950.00, 1, 1),
(339, 111, 2021, 5, 2900.00, 1, 1),
(340, 111, 2021, 6, 3100.00, 1, 1),
(341, 111, 2021, 7, 3100.00, 1, 1),
(342, 111, 2021, 8, 3100.00, 1, 1),
(343, 111, 2021, 9, 0.00, 0, 1),
(344, 111, 2021, 10, 0.00, 0, 1),
(345, 111, 2021, 11, 0.00, 0, 1),
(346, 111, 2021, 12, 0.00, 0, 1),
(347, 112, 2021, 0, 0.00, 0, 0),
(348, 112, 2021, 3, 3600.00, 1, 1),
(349, 112, 2021, 4, 3600.00, 1, 1),
(350, 112, 2021, 5, 3600.00, 1, 1),
(351, 112, 2021, 6, 3600.00, 1, 1),
(352, 112, 2021, 7, 3600.00, 1, 1),
(353, 112, 2021, 8, 3850.00, 1, 1),
(354, 112, 2021, 9, 0.00, 0, 0),
(355, 112, 2021, 10, 0.00, 0, 0),
(356, 112, 2021, 11, 0.00, 0, 0),
(357, 112, 2021, 12, 0.00, 0, 0),
(358, 113, 2021, 0, 1100.00, 1, 1),
(359, 113, 2021, 3, 2900.00, 1, 1),
(360, 113, 2021, 4, 2900.00, 1, 1),
(361, 113, 2021, 5, 2700.00, 1, 1),
(362, 113, 2021, 6, 3100.00, 1, 1),
(363, 113, 2021, 7, 2900.00, 1, 1),
(364, 113, 2021, 8, 3100.00, 1, 1),
(365, 113, 2021, 9, 0.00, 0, 1),
(366, 113, 2021, 10, 0.00, 0, 1),
(367, 113, 2021, 11, 0.00, 0, 1),
(368, 113, 2021, 12, 0.00, 0, 1),
(369, 114, 2021, 0, 1100.00, 1, 1),
(370, 114, 2021, 3, 3100.00, 1, 1),
(371, 114, 2021, 4, 3100.00, 1, 1),
(372, 114, 2021, 5, 3100.00, 1, 1),
(373, 114, 2021, 6, 3100.00, 1, 1),
(374, 114, 2021, 7, 3100.00, 1, 1),
(375, 114, 2021, 8, 3300.00, 1, 1),
(376, 114, 2021, 9, 0.00, 0, 1),
(377, 114, 2021, 10, 0.00, 0, 1),
(378, 114, 2021, 11, 0.00, 0, 1),
(379, 114, 2021, 12, 0.00, 0, 1),
(380, 115, 2021, 0, 1000.00, 1, 1),
(381, 115, 2021, 3, 2000.00, 1, 1),
(382, 115, 2021, 4, 2000.00, 1, 1),
(383, 115, 2021, 5, 2100.00, 1, 1),
(384, 115, 2021, 6, 2100.00, 1, 1),
(385, 115, 2021, 7, 2100.00, 1, 1),
(386, 115, 2021, 8, 2300.00, 1, 1),
(387, 115, 2021, 9, 0.00, 0, 1),
(388, 115, 2021, 10, 0.00, 0, 1),
(389, 115, 2021, 11, 0.00, 0, 1),
(390, 115, 2021, 12, 0.00, 0, 1),
(391, 116, 2021, 0, 0.00, 1, 1),
(392, 116, 2021, 3, 2900.00, 1, 1),
(393, 116, 2021, 4, 2900.00, 1, 1),
(394, 116, 2021, 5, 2900.00, 1, 1),
(395, 116, 2021, 6, 2900.00, 1, 1),
(396, 116, 2021, 7, 2900.00, 1, 1),
(397, 116, 2021, 8, 3100.00, 1, 1),
(398, 116, 2021, 9, 3100.00, 1, 1),
(399, 116, 2021, 10, 3100.00, 1, 1),
(400, 116, 2021, 11, 0.00, 0, 1),
(401, 116, 2021, 12, 0.00, 0, 1),
(402, 117, 2021, 0, 0.00, 1, 1),
(403, 117, 2021, 3, 2900.00, 1, 1),
(404, 117, 2021, 4, 2900.00, 1, 1),
(405, 117, 2021, 5, 2900.00, 1, 1),
(406, 117, 2021, 6, 2900.00, 1, 1),
(407, 117, 2021, 7, 2900.00, 1, 1),
(408, 117, 2021, 8, 3100.00, 1, 1),
(409, 117, 2021, 9, 3100.00, 1, 1),
(410, 117, 2021, 10, 3100.00, 1, 1),
(411, 117, 2021, 11, 3100.00, 1, 1),
(412, 117, 2021, 12, 0.00, 0, 1),
(413, 118, 2021, 0, 875.00, 1, 1),
(414, 118, 2021, 3, 2610.00, 1, 1),
(415, 118, 2021, 4, 2610.00, 1, 1),
(416, 118, 2021, 5, 2610.00, 1, 1),
(417, 118, 2021, 6, 2610.00, 1, 1),
(418, 118, 2021, 7, 2610.00, 1, 1),
(419, 118, 2021, 8, 2790.00, 1, 1),
(420, 118, 2021, 9, 2790.00, 1, 1),
(421, 118, 2021, 10, 2790.00, 1, 1),
(422, 118, 2021, 11, 0.00, 0, 1),
(423, 118, 2021, 12, 0.00, 0, 1),
(424, 119, 2021, 0, 875.00, 1, 1),
(425, 119, 2021, 3, 2610.00, 1, 1),
(426, 119, 2021, 4, 2610.00, 1, 1),
(427, 119, 2021, 5, 2610.00, 1, 1),
(428, 119, 2021, 6, 2610.00, 1, 1),
(429, 119, 2021, 7, 2610.00, 1, 1),
(430, 119, 2021, 8, 2790.00, 1, 1),
(431, 119, 2021, 9, 1500.00, 1, 1),
(432, 119, 2021, 10, 1500.00, 1, 1),
(433, 119, 2021, 11, 0.00, 0, 1),
(434, 119, 2021, 12, 0.00, 0, 1),
(435, 120, 2021, 0, 1000.00, 1, 1),
(436, 120, 2021, 3, 3100.00, 1, 1),
(437, 120, 2021, 4, 3100.00, 1, 1),
(438, 120, 2021, 5, 3100.00, 1, 1),
(439, 120, 2021, 6, 2900.00, 1, 1),
(440, 120, 2021, 7, 2900.00, 1, 1),
(441, 120, 2021, 8, 3100.00, 1, 1),
(442, 120, 2021, 9, 3100.00, 1, 1),
(443, 120, 2021, 10, 3100.00, 1, 1),
(444, 120, 2021, 11, 0.00, 0, 1),
(445, 120, 2021, 12, 0.00, 0, 1),
(446, 121, 2021, 0, 1000.00, 1, 1),
(447, 121, 2021, 3, 3100.00, 1, 1),
(448, 121, 2021, 4, 3100.00, 1, 1),
(449, 121, 2021, 5, 3100.00, 1, 1),
(450, 121, 2021, 6, 3100.00, 1, 1),
(451, 121, 2021, 7, 3100.00, 1, 1),
(452, 121, 2021, 8, 0.00, 0, 1),
(453, 121, 2021, 9, 0.00, 0, 1),
(454, 121, 2021, 10, 0.00, 0, 1),
(455, 121, 2021, 11, 0.00, 0, 1),
(456, 121, 2021, 12, 0.00, 0, 1),
(457, 122, 2021, 0, 0.00, 0, 1),
(458, 122, 2021, 3, 2900.00, 1, 1),
(459, 122, 2021, 4, 2900.00, 1, 1),
(460, 122, 2021, 5, 2900.00, 1, 1),
(461, 122, 2021, 6, 2900.00, 1, 1),
(462, 122, 2021, 7, 2900.00, 1, 1),
(463, 122, 2021, 8, 3100.00, 1, 1),
(464, 122, 2021, 9, 3100.00, 1, 1),
(465, 122, 2021, 10, 3100.00, 1, 1),
(466, 122, 2021, 11, 3100.00, 1, 1),
(467, 122, 2021, 12, 0.00, 0, 1),
(468, 123, 2021, 0, 0.00, 1, 1),
(469, 123, 2021, 3, 2900.00, 1, 1),
(470, 123, 2021, 4, 2900.00, 1, 1),
(471, 123, 2021, 5, 3100.00, 1, 1),
(472, 123, 2021, 6, 2900.00, 1, 1),
(473, 123, 2021, 7, 2900.00, 1, 1),
(474, 123, 2021, 8, 3100.00, 1, 1),
(475, 123, 2021, 9, 3100.00, 1, 1),
(476, 123, 2021, 10, 0.00, 0, 1),
(477, 123, 2021, 11, 0.00, 0, 1),
(478, 123, 2021, 12, 0.00, 0, 1),
(479, 124, 2021, 0, 1100.00, 1, 1),
(480, 124, 2021, 8, 3100.00, 1, 1),
(481, 124, 2021, 9, 3100.00, 1, 1),
(482, 124, 2021, 10, 3100.00, 1, 1),
(483, 124, 2021, 11, 3100.00, 1, 1),
(484, 124, 2021, 12, 0.00, 0, 1),
(485, 125, 2021, 0, 1100.00, 1, 1),
(486, 125, 2021, 3, 2900.00, 1, 1),
(487, 125, 2021, 4, 3100.00, 1, 1),
(488, 125, 2021, 5, 3100.00, 1, 1),
(489, 125, 2021, 6, 3100.00, 1, 1),
(490, 125, 2021, 7, 3100.00, 1, 1),
(491, 125, 2021, 8, 3300.00, 1, 1),
(492, 125, 2021, 9, 3300.00, 1, 1),
(493, 125, 2021, 10, 3300.00, 1, 1),
(494, 125, 2021, 11, 0.00, 0, 1),
(495, 125, 2021, 12, 0.00, 0, 1),
(496, 126, 2021, 0, 875.00, 1, 1),
(497, 126, 2021, 3, 2610.00, 1, 1),
(498, 126, 2021, 4, 2610.00, 1, 1),
(499, 126, 2021, 5, 2790.00, 1, 1),
(500, 126, 2021, 6, 2790.00, 1, 1),
(501, 126, 2021, 7, 2790.00, 1, 1),
(502, 126, 2021, 8, 2970.00, 1, 1),
(503, 126, 2021, 9, 0.00, 0, 1),
(504, 126, 2021, 10, 0.00, 0, 1),
(505, 126, 2021, 11, 0.00, 0, 1),
(506, 126, 2021, 12, 0.00, 0, 1),
(507, 127, 2021, 0, 875.00, 1, 1),
(508, 127, 2021, 3, 2610.00, 1, 1),
(509, 127, 2021, 4, 2610.00, 1, 1),
(510, 127, 2021, 5, 2790.00, 1, 1),
(511, 127, 2021, 6, 2790.00, 1, 1),
(512, 127, 2021, 7, 2790.00, 1, 1),
(513, 127, 2021, 8, 2970.00, 1, 1),
(514, 127, 2021, 9, 0.00, 0, 1),
(515, 127, 2021, 10, 0.00, 0, 1),
(516, 127, 2021, 11, 0.00, 0, 1),
(517, 127, 2021, 12, 0.00, 0, 1),
(518, 128, 2021, 0, 1100.00, 1, 1),
(519, 128, 2021, 3, 2900.00, 1, 1),
(520, 128, 2021, 4, 2900.00, 1, 1),
(521, 128, 2021, 5, 2900.00, 1, 1),
(522, 128, 2021, 6, 2900.00, 1, 1),
(523, 128, 2021, 7, 2900.00, 1, 1),
(524, 128, 2021, 8, 3300.00, 1, 1),
(525, 128, 2021, 9, 3200.00, 1, 1),
(526, 128, 2021, 10, 3100.00, 1, 1),
(527, 128, 2021, 11, 0.00, 0, 1),
(528, 128, 2021, 12, 0.00, 0, 1),
(529, 129, 2021, 0, 1100.00, 1, 1),
(530, 129, 2021, 3, 2500.00, 1, 1),
(531, 129, 2021, 4, 2500.00, 1, 1),
(532, 129, 2021, 5, 5000.00, 1, 1),
(533, 129, 2021, 6, 5000.00, 1, 1),
(534, 129, 2021, 7, 5000.00, 1, 1),
(535, 129, 2021, 8, 5000.00, 1, 1),
(536, 129, 2021, 9, 5000.00, 1, 1),
(537, 129, 2021, 10, 5000.00, 1, 1),
(538, 129, 2021, 11, 0.00, 0, 1),
(539, 129, 2021, 12, 0.00, 0, 1),
(540, 130, 2021, 0, 550.00, 1, 1),
(541, 130, 2021, 3, 2500.00, 1, 1),
(542, 130, 2021, 4, 2500.00, 1, 1),
(543, 130, 2021, 5, 5000.00, 1, 1),
(544, 130, 2021, 6, 5000.00, 1, 1),
(545, 130, 2021, 7, 2500.00, 1, 1),
(546, 130, 2021, 8, 5000.00, 1, 1),
(547, 130, 2021, 9, 5000.00, 1, 1),
(548, 130, 2021, 10, 2500.00, 1, 1),
(549, 130, 2021, 11, 0.00, 0, 1),
(550, 130, 2021, 12, 0.00, 0, 1),
(551, 131, 2021, 0, 875.00, 1, 1),
(552, 131, 2021, 3, 1800.00, 1, 1),
(553, 131, 2021, 4, 0.00, 0, 0),
(554, 131, 2021, 5, 0.00, 0, 0),
(555, 131, 2021, 6, 0.00, 0, 0),
(556, 131, 2021, 7, 0.00, 0, 0),
(557, 131, 2021, 8, 0.00, 0, 0),
(558, 131, 2021, 9, 0.00, 0, 0),
(559, 131, 2021, 10, 0.00, 0, 0),
(560, 131, 2021, 11, 0.00, 0, 0),
(561, 131, 2021, 12, 0.00, 0, 0),
(562, 132, 2021, 0, 875.00, 1, 1),
(563, 132, 2021, 3, 1800.00, 1, 1),
(564, 132, 2021, 4, 0.00, 0, 0),
(565, 132, 2021, 5, 0.00, 0, 0),
(566, 132, 2021, 6, 0.00, 0, 0),
(567, 132, 2021, 7, 0.00, 0, 0),
(568, 132, 2021, 8, 0.00, 0, 0),
(569, 132, 2021, 9, 0.00, 0, 0),
(570, 132, 2021, 10, 0.00, 0, 0),
(571, 132, 2021, 11, 0.00, 0, 0),
(572, 132, 2021, 12, 0.00, 0, 0),
(573, 133, 2021, 0, 550.00, 1, 1),
(574, 133, 2021, 3, 2000.00, 1, 1),
(575, 133, 2021, 4, 2100.00, 1, 1),
(576, 133, 2021, 5, 2100.00, 1, 1),
(577, 133, 2021, 6, 2100.00, 1, 1),
(578, 133, 2021, 7, 2000.00, 1, 1),
(579, 133, 2021, 8, 2150.00, 1, 1),
(580, 133, 2021, 9, 2150.00, 1, 1),
(581, 133, 2021, 10, 2150.00, 1, 1),
(582, 133, 2021, 11, 2150.00, 1, 1),
(583, 133, 2021, 12, 0.00, 0, 1),
(584, 134, 2021, 0, 1100.00, 1, 1),
(585, 134, 2021, 3, 2900.00, 1, 1),
(586, 134, 2021, 4, 2900.00, 1, 1),
(587, 134, 2021, 5, 2900.00, 1, 1),
(588, 134, 2021, 6, 2900.00, 1, 1),
(589, 134, 2021, 7, 2900.00, 1, 1),
(590, 134, 2021, 8, 3100.00, 1, 1),
(591, 134, 2021, 9, 3100.00, 1, 1),
(592, 134, 2021, 10, 3100.00, 1, 1),
(593, 134, 2021, 11, 3100.00, 1, 1),
(594, 134, 2021, 12, 3100.00, 1, 1),
(595, 135, 2021, 0, 1100.00, 1, 1),
(596, 135, 2021, 3, 2100.00, 1, 1),
(597, 135, 2021, 4, 2100.00, 1, 1),
(598, 135, 2021, 5, 2100.00, 1, 1),
(599, 135, 2021, 6, 2100.00, 1, 1),
(600, 135, 2021, 7, 2100.00, 1, 1),
(601, 135, 2021, 8, 2500.00, 1, 1),
(602, 135, 2021, 9, 0.00, 0, 1),
(603, 135, 2021, 10, 0.00, 0, 1),
(604, 135, 2021, 11, 0.00, 0, 1),
(605, 135, 2021, 12, 0.00, 0, 1),
(606, 136, 2021, 0, 0.00, 1, 1),
(607, 136, 2021, 3, 0.00, 1, 1),
(608, 136, 2021, 4, 2100.00, 1, 1),
(609, 136, 2021, 5, 2100.00, 1, 1),
(610, 136, 2021, 6, 2100.00, 1, 1),
(611, 136, 2021, 7, 2100.00, 1, 1),
(612, 136, 2021, 8, 2500.00, 1, 1),
(613, 136, 2021, 9, 0.00, 0, 1),
(614, 136, 2021, 10, 0.00, 0, 1),
(615, 136, 2021, 11, 0.00, 0, 1),
(616, 136, 2021, 12, 0.00, 0, 1),
(617, 137, 2021, 0, 1100.00, 1, 1),
(618, 137, 2021, 3, 2100.00, 1, 1),
(619, 137, 2021, 4, 2100.00, 1, 1),
(620, 137, 2021, 5, 2100.00, 1, 1),
(621, 137, 2021, 6, 2100.00, 1, 1),
(622, 137, 2021, 7, 2100.00, 1, 1),
(623, 137, 2021, 8, 2500.00, 1, 1),
(624, 137, 2021, 9, 0.00, 0, 1),
(625, 137, 2021, 10, 0.00, 0, 1),
(626, 137, 2021, 11, 0.00, 0, 1),
(627, 137, 2021, 12, 0.00, 0, 1),
(628, 138, 2021, 0, 0.00, 0, 1),
(629, 138, 2021, 3, 0.00, 0, 1),
(630, 138, 2021, 4, 0.00, 0, 1),
(631, 138, 2021, 5, 0.00, 0, 1),
(632, 138, 2021, 6, 0.00, 0, 1),
(633, 138, 2021, 7, 0.00, 0, 1),
(634, 138, 2021, 8, 0.00, 0, 1),
(635, 138, 2021, 9, 0.00, 0, 1),
(636, 138, 2021, 10, 0.00, 0, 1),
(637, 138, 2021, 11, 0.00, 0, 1),
(638, 138, 2021, 12, 0.00, 0, 1),
(639, 139, 2021, 0, 0.00, 0, 1),
(640, 139, 2021, 3, 3600.00, 1, 1),
(641, 139, 2021, 4, 3600.00, 1, 1),
(642, 139, 2021, 5, 3600.00, 1, 1),
(643, 139, 2021, 6, 3600.00, 1, 1),
(644, 139, 2021, 7, 3600.00, 1, 1),
(645, 139, 2021, 8, 3850.00, 1, 1),
(646, 139, 2021, 9, 3850.00, 1, 1),
(647, 139, 2021, 10, 3850.00, 1, 1),
(648, 139, 2021, 11, 3850.00, 1, 1),
(649, 139, 2021, 12, 0.00, 0, 1),
(650, 140, 2021, 0, 1650.00, 1, 1),
(651, 140, 2021, 3, 5400.00, 1, 1),
(652, 140, 2021, 4, 3600.00, 1, 1),
(653, 140, 2021, 5, 3600.00, 1, 1),
(654, 140, 2021, 6, 3600.00, 1, 1),
(655, 140, 2021, 7, 2900.00, 1, 1),
(656, 140, 2021, 8, 3850.00, 1, 1),
(657, 140, 2021, 9, 0.00, 0, 1),
(658, 140, 2021, 10, 0.00, 0, 1),
(659, 140, 2021, 11, 0.00, 0, 1),
(660, 140, 2021, 12, 0.00, 0, 1),
(661, 141, 2021, 0, 875.00, 1, 1),
(662, 141, 2021, 3, 2790.00, 1, 1),
(663, 141, 2021, 4, 2790.00, 1, 1),
(664, 141, 2021, 5, 2610.00, 1, 1),
(665, 141, 2021, 6, 2790.00, 1, 1),
(666, 141, 2021, 7, 2610.00, 1, 1),
(667, 141, 2021, 8, 2790.00, 1, 1),
(668, 141, 2021, 9, 2780.00, 1, 1),
(669, 141, 2021, 10, 2780.00, 1, 1),
(670, 141, 2021, 11, 3300.00, 1, 1),
(671, 141, 2021, 12, 0.00, 0, 1),
(672, 142, 2021, 0, 875.00, 1, 1),
(673, 142, 2021, 3, 2790.00, 1, 1),
(674, 142, 2021, 4, 2790.00, 1, 1),
(675, 142, 2021, 5, 2610.00, 1, 1),
(676, 142, 2021, 6, 2790.00, 1, 1),
(677, 142, 2021, 7, 2610.00, 1, 1),
(678, 142, 2021, 8, 2790.00, 1, 1),
(679, 142, 2021, 9, 2780.00, 1, 1),
(680, 142, 2021, 10, 2780.00, 1, 1),
(681, 142, 2021, 11, 0.00, 0, 0),
(682, 142, 2021, 12, 0.00, 0, 0),
(683, 143, 2021, 0, 0.00, 1, 1),
(684, 143, 2021, 3, 2000.00, 1, 1),
(685, 143, 2021, 4, 2000.00, 1, 1),
(686, 143, 2021, 5, 2000.00, 1, 1),
(687, 143, 2021, 6, 2000.00, 1, 1),
(688, 143, 2021, 7, 2000.00, 1, 1),
(689, 143, 2021, 8, 2300.00, 1, 1),
(690, 143, 2021, 9, 0.00, 0, 1),
(691, 143, 2021, 10, 0.00, 0, 1),
(692, 143, 2021, 11, 0.00, 0, 1),
(693, 143, 2021, 12, 0.00, 0, 1),
(694, 144, 2021, 0, 1100.00, 1, 1),
(695, 144, 2021, 3, 2900.00, 1, 1),
(696, 144, 2021, 4, 2900.00, 1, 1),
(697, 144, 2021, 5, 2900.00, 1, 1),
(698, 144, 2021, 6, 2900.00, 1, 1),
(699, 144, 2021, 7, 2900.00, 1, 1),
(700, 144, 2021, 8, 3100.00, 1, 1),
(701, 144, 2021, 9, 3100.00, 1, 1),
(702, 144, 2021, 10, 3100.00, 1, 1),
(703, 144, 2021, 11, 3100.00, 1, 1),
(704, 144, 2021, 12, 3100.00, 1, 1),
(705, 145, 2021, 0, 1100.00, 1, 1),
(706, 145, 2021, 3, 2000.00, 1, 1),
(707, 145, 2021, 4, 2000.00, 1, 1),
(708, 145, 2021, 5, 2100.00, 1, 1),
(709, 145, 2021, 6, 2100.00, 1, 1),
(710, 145, 2021, 7, 2000.00, 1, 1),
(711, 145, 2021, 8, 2150.00, 1, 1),
(712, 145, 2021, 9, 0.00, 0, 1),
(713, 145, 2021, 10, 2150.00, 1, 1),
(714, 145, 2021, 11, 2150.00, 1, 1),
(715, 145, 2021, 12, 0.00, 0, 1),
(716, 146, 2021, 0, 1100.00, 1, 1),
(717, 146, 2021, 3, 2000.00, 1, 1),
(718, 146, 2021, 4, 2000.00, 1, 1),
(719, 146, 2021, 5, 2100.00, 1, 1),
(720, 146, 2021, 6, 2100.00, 1, 1),
(721, 146, 2021, 7, 2000.00, 1, 1),
(722, 146, 2021, 8, 2150.00, 1, 1),
(723, 146, 2021, 9, 2150.00, 1, 1),
(724, 146, 2021, 10, 2150.00, 1, 1),
(725, 146, 2021, 11, 2150.00, 1, 1),
(726, 146, 2021, 12, 0.00, 0, 1),
(727, 147, 2021, 0, 1100.00, 1, 1),
(728, 147, 2021, 3, 2900.00, 1, 1),
(729, 147, 2021, 4, 2900.00, 1, 1),
(730, 147, 2021, 5, 2900.00, 1, 1),
(731, 147, 2021, 6, 2900.00, 1, 1),
(732, 147, 2021, 7, 3100.00, 1, 1),
(733, 147, 2021, 8, 3100.00, 1, 1),
(734, 147, 2021, 9, 3100.00, 1, 1),
(735, 147, 2021, 10, 3100.00, 1, 1),
(736, 147, 2021, 11, 0.00, 0, 1),
(737, 147, 2021, 12, 0.00, 0, 1),
(738, 148, 2021, 0, 1100.00, 1, 1),
(739, 148, 2021, 3, 2000.00, 1, 1),
(740, 148, 2021, 4, 2000.00, 1, 1),
(741, 148, 2021, 5, 2000.00, 1, 1),
(742, 148, 2021, 6, 2000.00, 1, 1),
(743, 148, 2021, 7, 2000.00, 1, 1),
(744, 148, 2021, 8, 2150.00, 1, 1),
(745, 148, 2021, 9, 2150.00, 1, 1),
(746, 148, 2021, 10, 0.00, 0, 1),
(747, 148, 2021, 11, 2300.00, 1, 1),
(748, 148, 2021, 12, 0.00, 0, 1),
(749, 149, 2021, 0, 0.00, 0, 1),
(750, 149, 2021, 3, 2900.00, 1, 1),
(751, 149, 2021, 4, 2900.00, 1, 1),
(752, 149, 2021, 5, 2900.00, 1, 1),
(753, 149, 2021, 6, 2900.00, 1, 1),
(754, 149, 2021, 7, 2900.00, 1, 1),
(755, 149, 2021, 8, 3100.00, 1, 1),
(756, 149, 2021, 9, 3100.00, 1, 1),
(757, 149, 2021, 10, 3100.00, 1, 1),
(758, 149, 2021, 11, 3100.00, 1, 1),
(759, 149, 2021, 12, 0.00, 0, 1),
(760, 150, 2021, 0, 0.00, 1, 1),
(761, 150, 2021, 3, 0.00, 0, 0),
(762, 150, 2021, 4, 0.00, 0, 0),
(763, 150, 2021, 5, 0.00, 0, 0),
(764, 150, 2021, 6, 0.00, 0, 0),
(765, 150, 2021, 7, 0.00, 0, 0),
(766, 150, 2021, 8, 0.00, 0, 0),
(767, 150, 2021, 9, 0.00, 0, 0),
(768, 150, 2021, 10, 0.00, 0, 0),
(769, 150, 2021, 11, 0.00, 0, 0),
(770, 150, 2021, 12, 0.00, 0, 0),
(771, 151, 2021, 0, 0.00, 1, 1),
(772, 151, 2021, 3, 3100.00, 1, 1),
(773, 151, 2021, 4, 3100.00, 1, 1),
(774, 151, 2021, 5, 3100.00, 1, 1),
(775, 151, 2021, 6, 3100.00, 1, 1),
(776, 151, 2021, 7, 3100.00, 1, 1),
(777, 151, 2021, 8, 3100.00, 1, 1),
(778, 151, 2021, 9, 0.00, 0, 1),
(779, 151, 2021, 10, 0.00, 0, 1),
(780, 151, 2021, 11, 0.00, 0, 1),
(781, 151, 2021, 12, 0.00, 0, 1),
(782, 152, 2021, 0, 1100.00, 1, 1),
(783, 152, 2021, 3, 2610.00, 1, 1),
(784, 152, 2021, 4, 2610.00, 1, 1),
(785, 152, 2021, 5, 2610.00, 1, 1),
(786, 152, 2021, 6, 2610.00, 1, 1),
(787, 152, 2021, 7, 2610.00, 1, 1),
(788, 152, 2021, 8, 2790.00, 1, 1),
(789, 152, 2021, 9, 2790.00, 1, 1),
(790, 152, 2021, 10, 2790.00, 1, 1),
(791, 152, 2021, 11, 2790.00, 1, 1),
(792, 152, 2021, 12, 2790.00, 1, 1),
(793, 153, 2021, 0, 550.00, 1, 1),
(794, 153, 2021, 3, 2610.00, 1, 1),
(795, 153, 2021, 4, 2610.00, 1, 1),
(796, 153, 2021, 5, 2610.00, 1, 1),
(797, 153, 2021, 6, 2610.00, 1, 1),
(798, 153, 2021, 7, 2610.00, 1, 1),
(799, 153, 2021, 8, 2790.00, 1, 1),
(800, 153, 2021, 9, 2790.00, 1, 1),
(801, 153, 2021, 10, 2790.00, 1, 1),
(802, 153, 2021, 11, 2790.00, 1, 1),
(803, 153, 2021, 12, 2790.00, 1, 1),
(804, 154, 2021, 0, 1100.00, 1, 1),
(805, 154, 2021, 3, 2000.00, 1, 1),
(806, 154, 2021, 4, 0.00, 0, 0),
(807, 154, 2021, 5, 0.00, 0, 0),
(808, 154, 2021, 6, 0.00, 0, 0),
(809, 154, 2021, 7, 0.00, 0, 0),
(810, 154, 2021, 8, 0.00, 0, 0),
(811, 154, 2021, 9, 0.00, 0, 0),
(812, 154, 2021, 10, 0.00, 0, 0),
(813, 154, 2021, 11, 0.00, 0, 0),
(814, 154, 2021, 12, 0.00, 0, 0),
(815, 155, 2021, 0, 0.00, 0, 1),
(816, 155, 2021, 3, 2900.00, 1, 1),
(817, 155, 2021, 4, 2950.00, 1, 1),
(818, 155, 2021, 5, 2900.00, 1, 1),
(819, 155, 2021, 6, 2900.00, 1, 1),
(820, 155, 2021, 7, 2900.00, 1, 1),
(821, 155, 2021, 8, 3100.00, 1, 1),
(822, 155, 2021, 9, 3100.00, 1, 1),
(823, 155, 2021, 10, 3100.00, 1, 1),
(824, 155, 2021, 11, 3100.00, 1, 1),
(825, 155, 2021, 12, 3100.00, 1, 1),
(826, 156, 2021, 0, 0.00, 1, 1),
(827, 156, 2021, 3, 2610.00, 1, 1),
(828, 156, 2021, 4, 2790.00, 1, 1),
(829, 156, 2021, 5, 2610.00, 1, 1),
(830, 156, 2021, 6, 2790.00, 1, 1),
(831, 156, 2021, 7, 2790.00, 1, 1),
(832, 156, 2021, 8, 3300.00, 1, 1),
(833, 156, 2021, 9, 0.00, 0, 1),
(834, 156, 2021, 10, 0.00, 0, 1),
(835, 156, 2021, 11, 0.00, 0, 1),
(836, 156, 2021, 12, 0.00, 0, 1),
(837, 157, 2021, 0, 550.00, 1, 1),
(838, 157, 2021, 3, 2610.00, 1, 1),
(839, 157, 2021, 4, 2790.00, 1, 1),
(840, 157, 2021, 5, 2610.00, 1, 1),
(841, 157, 2021, 6, 2790.00, 1, 1),
(842, 157, 2021, 7, 2790.00, 1, 1),
(843, 157, 2021, 8, 0.00, 0, 0),
(844, 157, 2021, 9, 0.00, 0, 0),
(845, 157, 2021, 10, 0.00, 0, 0),
(846, 157, 2021, 11, 0.00, 0, 0),
(847, 157, 2021, 12, 0.00, 0, 0),
(848, 158, 2021, 0, 1100.00, 1, 1),
(849, 158, 2021, 3, 2900.00, 1, 1),
(850, 158, 2021, 4, 2900.00, 1, 1),
(851, 158, 2021, 5, 2900.00, 1, 1),
(852, 158, 2021, 6, 2900.00, 1, 1),
(853, 158, 2021, 7, 2900.00, 1, 1),
(854, 158, 2021, 8, 3100.00, 1, 1),
(855, 158, 2021, 9, 0.00, 0, 1),
(856, 158, 2021, 10, 3100.00, 1, 1),
(857, 158, 2021, 11, 0.00, 0, 1),
(858, 158, 2021, 12, 0.00, 0, 1),
(859, 159, 2021, 0, 0.00, 0, 1),
(860, 159, 2021, 3, 2610.00, 1, 1),
(861, 159, 2021, 4, 2610.00, 1, 1),
(862, 159, 2021, 5, 2610.00, 1, 1),
(863, 159, 2021, 6, 2610.00, 1, 1),
(864, 159, 2021, 7, 2610.00, 1, 1),
(865, 159, 2021, 8, 2790.00, 1, 1),
(866, 159, 2021, 9, 2790.00, 1, 1),
(867, 159, 2021, 10, 2790.00, 1, 1),
(868, 159, 2021, 11, 2790.00, 1, 1),
(869, 159, 2021, 12, 0.00, 0, 1),
(870, 160, 2021, 0, 1100.00, 1, 1),
(871, 160, 2021, 3, 2610.00, 1, 1),
(872, 160, 2021, 4, 2610.00, 1, 1),
(873, 160, 2021, 5, 2610.00, 1, 1),
(874, 160, 2021, 6, 2610.00, 1, 1),
(875, 160, 2021, 7, 2610.00, 1, 1),
(876, 160, 2021, 8, 2790.00, 1, 1),
(877, 160, 2021, 9, 2790.00, 1, 1),
(878, 160, 2021, 10, 2790.00, 1, 1),
(879, 160, 2021, 11, 2790.00, 1, 1),
(880, 160, 2021, 12, 0.00, 0, 1),
(881, 161, 2021, 0, 0.00, 0, 1),
(882, 161, 2021, 3, 2900.00, 1, 1),
(883, 161, 2021, 4, 2900.00, 1, 1),
(884, 161, 2021, 5, 2900.00, 1, 1),
(885, 161, 2021, 6, 2900.00, 1, 1),
(886, 161, 2021, 7, 2900.00, 1, 1),
(887, 161, 2021, 8, 3100.00, 1, 1),
(888, 161, 2021, 9, 3100.00, 1, 1),
(889, 161, 2021, 10, 3100.00, 1, 1),
(890, 161, 2021, 11, 3100.00, 1, 1),
(891, 161, 2021, 12, 0.00, 0, 1),
(892, 162, 2021, 0, 0.00, 0, 0),
(893, 162, 2021, 3, 2900.00, 1, 1),
(894, 162, 2021, 4, 0.00, 0, 0),
(895, 162, 2021, 5, 0.00, 0, 0),
(896, 162, 2021, 6, 0.00, 0, 0),
(897, 162, 2021, 7, 0.00, 0, 0),
(898, 162, 2021, 8, 0.00, 0, 0),
(899, 162, 2021, 9, 0.00, 0, 0),
(900, 162, 2021, 10, 0.00, 0, 0),
(901, 162, 2021, 11, 0.00, 0, 0),
(902, 162, 2021, 12, 0.00, 0, 0),
(903, 163, 2021, 0, 0.00, 0, 0),
(904, 163, 2021, 1, 0.00, 0, 0),
(905, 163, 2021, 2, 0.00, 0, 0),
(906, 163, 2021, 3, 2500.00, 1, 1),
(907, 163, 2021, 4, 2500.00, 1, 1),
(908, 163, 2021, 5, 2500.00, 1, 1),
(909, 163, 2021, 6, 0.00, 0, 0),
(910, 163, 2021, 7, 0.00, 0, 0),
(911, 163, 2021, 8, 0.00, 0, 0),
(912, 163, 2021, 9, 0.00, 0, 0),
(913, 163, 2021, 10, 0.00, 0, 0),
(914, 163, 2021, 11, 0.00, 0, 0),
(915, 163, 2021, 12, 0.00, 0, 0),
(916, 164, 2021, 0, 0.00, 0, 0),
(917, 164, 2021, 3, 2500.00, 1, 1),
(918, 164, 2021, 4, 2500.00, 1, 1),
(919, 164, 2021, 5, 0.00, 0, 0),
(920, 164, 2021, 6, 0.00, 0, 0),
(921, 164, 2021, 7, 0.00, 0, 0),
(922, 164, 2021, 8, 0.00, 0, 0),
(923, 164, 2021, 9, 0.00, 0, 0),
(924, 164, 2021, 10, 0.00, 0, 0),
(925, 164, 2021, 11, 0.00, 0, 0),
(926, 164, 2021, 12, 0.00, 0, 0),
(927, 165, 2021, 0, 0.00, 1, 1),
(928, 165, 2021, 3, 2900.00, 1, 1),
(929, 165, 2021, 4, 0.00, 0, 0),
(930, 165, 2021, 5, 0.00, 0, 0),
(931, 165, 2021, 6, 0.00, 0, 0),
(932, 165, 2021, 7, 0.00, 0, 0),
(933, 165, 2021, 8, 0.00, 0, 0),
(934, 165, 2021, 9, 0.00, 0, 0),
(935, 165, 2021, 10, 0.00, 0, 0),
(936, 165, 2021, 11, 0.00, 0, 0),
(937, 165, 2021, 12, 0.00, 0, 0),
(938, 124, 2021, 3, 2900.00, 1, 1),
(939, 124, 2021, 4, 2900.00, 1, 1),
(940, 124, 2021, 5, 2900.00, 1, 1),
(941, 124, 2021, 6, 2900.00, 1, 1),
(942, 124, 2021, 7, 2900.00, 1, 1),
(943, 166, 2021, 0, 1100.00, 1, 1),
(944, 166, 2021, 3, 3100.00, 1, 1),
(945, 166, 2021, 4, 3100.00, 1, 1),
(946, 166, 2021, 5, 3100.00, 1, 1),
(947, 166, 2021, 6, 3100.00, 1, 1),
(948, 166, 2021, 7, 3100.00, 1, 1),
(949, 166, 2021, 8, 3300.00, 1, 1),
(950, 166, 2021, 9, 0.00, 0, 1),
(951, 166, 2021, 10, 0.00, 0, 1),
(952, 166, 2021, 11, 0.00, 0, 1),
(953, 166, 2021, 12, 0.00, 0, 1),
(954, 167, 2021, 0, 0.00, 1, 1),
(955, 167, 2021, 3, 1900.00, 1, 1),
(956, 167, 2021, 4, 2000.00, 1, 1),
(957, 167, 2021, 5, 2000.00, 1, 1),
(958, 167, 2021, 6, 2000.00, 1, 1),
(959, 167, 2021, 7, 2000.00, 1, 1),
(960, 167, 2021, 8, 0.00, 0, 1),
(961, 167, 2021, 9, 0.00, 0, 1),
(962, 167, 2021, 10, 0.00, 0, 1),
(963, 167, 2021, 11, 0.00, 0, 1),
(964, 167, 2021, 12, 0.00, 0, 1),
(965, 168, 2021, 0, 0.00, 1, 1),
(966, 168, 2021, 3, 2900.00, 1, 1),
(967, 168, 2021, 4, 2900.00, 1, 1),
(968, 168, 2021, 5, 2900.00, 1, 1),
(969, 168, 2021, 6, 2900.00, 1, 1),
(970, 168, 2021, 7, 2900.00, 1, 1),
(971, 168, 2021, 8, 2400.00, 1, 1),
(972, 168, 2021, 9, 2400.00, 1, 1),
(973, 168, 2021, 10, 2400.00, 1, 1),
(974, 168, 2021, 11, 0.00, 0, 1),
(975, 168, 2021, 12, 0.00, 0, 1),
(976, 169, 2021, 0, 1100.00, 1, 1),
(977, 169, 2021, 3, 2900.00, 1, 1),
(978, 169, 2021, 4, 3100.00, 1, 1),
(979, 169, 2021, 5, 2900.00, 1, 1),
(980, 169, 2021, 6, 2900.00, 1, 1),
(981, 169, 2021, 7, 2900.00, 1, 1),
(982, 169, 2021, 8, 3300.00, 1, 1),
(983, 169, 2021, 9, 0.00, 0, 1),
(984, 169, 2021, 10, 0.00, 0, 1),
(985, 169, 2021, 11, 0.00, 0, 1),
(986, 169, 2021, 12, 0.00, 0, 1),
(987, 170, 2021, 0, 0.00, 0, 1),
(988, 170, 2021, 3, 1550.00, 1, 1),
(989, 170, 2021, 4, 3100.00, 1, 1),
(990, 170, 2021, 5, 3100.00, 1, 1),
(991, 170, 2021, 6, 3100.00, 1, 1),
(992, 170, 2021, 7, 3100.00, 1, 1),
(993, 170, 2021, 8, 3300.00, 1, 1),
(994, 170, 2021, 9, 3300.00, 1, 1),
(995, 170, 2021, 10, 3300.00, 1, 1),
(996, 170, 2021, 11, 0.00, 0, 1),
(997, 170, 2021, 12, 0.00, 0, 1),
(998, 171, 2021, 0, 1100.00, 1, 1),
(999, 171, 2021, 4, 3100.00, 1, 1),
(1000, 171, 2021, 5, 3100.00, 1, 1),
(1001, 171, 2021, 6, 3100.00, 1, 1),
(1002, 171, 2021, 7, 3100.00, 1, 1),
(1003, 171, 2021, 8, 3300.00, 1, 1),
(1004, 171, 2021, 9, 0.00, 0, 1),
(1005, 171, 2021, 10, 0.00, 0, 1),
(1006, 171, 2021, 11, 0.00, 0, 1),
(1007, 171, 2021, 12, 0.00, 0, 1),
(1008, 172, 2021, 0, 1100.00, 1, 1),
(1009, 172, 2021, 4, 2900.00, 1, 1),
(1010, 172, 2021, 5, 2900.00, 1, 1),
(1011, 172, 2021, 6, 3100.00, 1, 1),
(1012, 172, 2021, 7, 3100.00, 1, 1),
(1013, 172, 2021, 8, 3300.00, 1, 1),
(1014, 172, 2021, 9, 0.00, 0, 1),
(1015, 172, 2021, 10, 0.00, 0, 1),
(1016, 172, 2021, 11, 0.00, 0, 1),
(1017, 172, 2021, 12, 0.00, 0, 1),
(1018, 173, 2021, 0, 1550.00, 1, 1),
(1019, 173, 2021, 4, 3100.00, 1, 1),
(1020, 173, 2021, 5, 2700.00, 1, 1),
(1021, 173, 2021, 6, 3500.00, 1, 1),
(1022, 173, 2021, 7, 3100.00, 1, 1),
(1023, 173, 2021, 8, 0.00, 0, 1),
(1024, 173, 2021, 9, 0.00, 0, 1),
(1025, 173, 2021, 10, 3900.00, 1, 1),
(1026, 173, 2021, 11, 0.00, 0, 1),
(1027, 173, 2021, 12, 0.00, 0, 1),
(1028, 174, 2021, 0, 1100.00, 1, 1),
(1029, 174, 2021, 4, 2900.00, 1, 1),
(1030, 174, 2021, 5, 2900.00, 1, 1),
(1031, 174, 2021, 6, 2900.00, 1, 1),
(1032, 174, 2021, 7, 2900.00, 1, 1),
(1033, 174, 2021, 8, 3100.00, 1, 1),
(1034, 174, 2021, 9, 3100.00, 1, 1),
(1035, 174, 2021, 10, 3100.00, 1, 1),
(1036, 174, 2021, 11, 0.00, 0, 1),
(1037, 174, 2021, 12, 0.00, 0, 1),
(1038, 175, 2021, 0, 0.00, 1, 1),
(1039, 175, 2021, 4, 2900.00, 1, 1),
(1040, 175, 2021, 5, 2900.00, 1, 1),
(1041, 175, 2021, 6, 2900.00, 1, 1),
(1042, 175, 2021, 7, 2900.00, 1, 1),
(1043, 175, 2021, 8, 3300.00, 1, 1),
(1044, 175, 2021, 9, 0.00, 0, 1),
(1045, 175, 2021, 10, 0.00, 0, 1),
(1046, 175, 2021, 11, 0.00, 0, 1),
(1047, 175, 2021, 12, 0.00, 0, 1),
(1048, 176, 2021, 0, 1100.00, 1, 1),
(1049, 176, 2021, 4, 2200.00, 1, 1),
(1050, 176, 2021, 5, 2200.00, 1, 1),
(1051, 176, 2021, 6, 2200.00, 1, 1),
(1052, 176, 2021, 7, 2200.00, 1, 1),
(1053, 176, 2021, 8, 2500.00, 1, 1),
(1054, 176, 2021, 9, 0.00, 0, 1),
(1055, 176, 2021, 10, 0.00, 0, 1),
(1056, 176, 2021, 11, 0.00, 0, 1),
(1057, 176, 2021, 12, 0.00, 0, 1),
(1058, 177, 2021, 0, 0.00, 1, 1),
(1059, 177, 2021, 4, 2100.00, 1, 1),
(1060, 177, 2021, 5, 2100.00, 1, 1),
(1061, 177, 2021, 6, 2100.00, 1, 1),
(1062, 177, 2021, 7, 2100.00, 1, 1),
(1063, 177, 2021, 8, 2500.00, 1, 1),
(1064, 177, 2021, 9, 0.00, 0, 1),
(1065, 177, 2021, 10, 0.00, 0, 1),
(1066, 177, 2021, 11, 0.00, 0, 1),
(1067, 177, 2021, 12, 0.00, 0, 1),
(1068, 178, 2021, 0, 0.00, 1, 1),
(1069, 178, 2021, 4, 2300.00, 1, 1),
(1070, 178, 2021, 5, 2100.00, 1, 1),
(1071, 178, 2021, 6, 2100.00, 1, 1),
(1072, 178, 2021, 7, 2800.00, 1, 1),
(1073, 178, 2021, 8, 1850.00, 1, 1),
(1074, 178, 2021, 9, 0.00, 0, 1),
(1075, 178, 2021, 10, 0.00, 0, 1),
(1076, 178, 2021, 11, 0.00, 0, 1),
(1077, 178, 2021, 12, 0.00, 0, 1),
(1078, 179, 2021, 0, 1100.00, 1, 1),
(1079, 179, 2021, 4, 2100.00, 1, 1),
(1080, 179, 2021, 5, 3100.00, 1, 1),
(1081, 179, 2021, 6, 3100.00, 1, 1),
(1082, 179, 2021, 7, 3100.00, 1, 1),
(1083, 179, 2021, 8, 3100.00, 1, 1),
(1084, 179, 2021, 9, 3100.00, 1, 1),
(1085, 179, 2021, 10, 3100.00, 1, 1),
(1086, 179, 2021, 11, 3100.00, 1, 1),
(1087, 179, 2021, 12, 0.00, 0, 1),
(1088, 180, 2021, 0, 1100.00, 1, 1),
(1089, 180, 2021, 4, 2000.00, 1, 1),
(1090, 180, 2021, 5, 2100.00, 1, 1),
(1091, 180, 2021, 6, 0.00, 0, 0),
(1092, 180, 2021, 7, 0.00, 0, 0),
(1093, 180, 2021, 8, 0.00, 0, 0),
(1094, 180, 2021, 9, 0.00, 0, 0),
(1095, 180, 2021, 10, 0.00, 0, 0),
(1096, 180, 2021, 11, 0.00, 0, 0),
(1097, 180, 2021, 12, 0.00, 0, 0),
(1098, 181, 2021, 0, 550.00, 1, 1),
(1099, 181, 2021, 4, 4300.00, 1, 1),
(1100, 181, 2021, 5, 2633.00, 1, 1),
(1101, 181, 2021, 6, 2633.00, 1, 1),
(1102, 181, 2021, 7, 2633.00, 1, 1),
(1103, 181, 2021, 8, 0.00, 0, 1),
(1104, 181, 2021, 9, 0.00, 0, 1),
(1105, 181, 2021, 10, 0.00, 0, 1),
(1106, 181, 2021, 11, 0.00, 0, 1),
(1107, 181, 2021, 12, 0.00, 0, 1),
(1108, 182, 2021, 0, 1100.00, 1, 1),
(1109, 182, 2021, 4, 4300.00, 1, 1),
(1110, 182, 2021, 5, 2633.00, 1, 1),
(1111, 182, 2021, 6, 2633.00, 1, 1),
(1112, 182, 2021, 7, 2633.00, 1, 1),
(1113, 182, 2021, 8, 0.00, 0, 1),
(1114, 182, 2021, 9, 0.00, 0, 1),
(1115, 182, 2021, 10, 0.00, 0, 1),
(1116, 182, 2021, 11, 0.00, 0, 1),
(1117, 182, 2021, 12, 0.00, 0, 1),
(1118, 183, 2021, 0, 550.00, 1, 1),
(1119, 183, 2021, 4, 4300.00, 1, 1),
(1120, 183, 2021, 5, 2633.00, 1, 1),
(1121, 183, 2021, 6, 2633.00, 1, 1),
(1122, 183, 2021, 7, 2633.00, 1, 1),
(1123, 183, 2021, 8, 0.00, 0, 1),
(1124, 183, 2021, 9, 0.00, 0, 1),
(1125, 183, 2021, 10, 0.00, 0, 1),
(1126, 183, 2021, 11, 0.00, 0, 1),
(1127, 183, 2021, 12, 0.00, 0, 1),
(1128, 184, 2021, 0, 0.00, 0, 1),
(1129, 184, 2021, 4, 3000.00, 1, 1),
(1130, 184, 2021, 5, 2800.00, 1, 1),
(1131, 184, 2021, 6, 2900.00, 1, 1),
(1132, 184, 2021, 7, 2900.00, 1, 1),
(1133, 184, 2021, 8, 3100.00, 1, 1),
(1134, 184, 2021, 9, 3100.00, 1, 1),
(1135, 184, 2021, 10, 3100.00, 1, 1),
(1136, 184, 2021, 11, 0.00, 0, 1),
(1137, 184, 2021, 12, 0.00, 0, 1),
(1138, 185, 2021, 0, 550.00, 1, 1),
(1139, 185, 2021, 4, 2800.00, 1, 1),
(1140, 185, 2021, 5, 2800.00, 1, 1),
(1141, 185, 2021, 6, 2800.00, 1, 1),
(1142, 185, 2021, 7, 2800.00, 1, 1),
(1143, 185, 2021, 8, 3500.00, 1, 1),
(1144, 185, 2021, 9, 3500.00, 1, 1),
(1145, 185, 2021, 10, 3500.00, 1, 1),
(1146, 185, 2021, 11, 0.00, 0, 1),
(1147, 185, 2021, 12, 0.00, 0, 1),
(1148, 186, 2021, 0, 1100.00, 1, 1),
(1149, 186, 2021, 4, 1800.00, 1, 1),
(1150, 186, 2021, 5, 2600.00, 1, 1),
(1151, 186, 2021, 6, 2800.00, 1, 1),
(1152, 186, 2021, 7, 2100.00, 1, 1),
(1153, 186, 2021, 8, 3000.00, 1, 1),
(1154, 186, 2021, 9, 3000.00, 1, 1),
(1155, 186, 2021, 10, 3000.00, 1, 1),
(1156, 186, 2021, 11, 0.00, 0, 1),
(1157, 186, 2021, 12, 0.00, 0, 1),
(1158, 187, 2021, 0, 0.00, 0, 0),
(1159, 187, 2021, 4, 2000.00, 1, 1),
(1160, 187, 2021, 5, 0.00, 0, 0),
(1161, 187, 2021, 6, 0.00, 0, 0),
(1162, 187, 2021, 7, 0.00, 0, 0),
(1163, 187, 2021, 8, 0.00, 0, 0),
(1164, 187, 2021, 9, 0.00, 0, 0),
(1165, 187, 2021, 10, 0.00, 0, 0),
(1166, 187, 2021, 11, 0.00, 0, 0),
(1167, 187, 2021, 12, 0.00, 0, 0),
(1168, 188, 2021, 0, 1100.00, 1, 1),
(1169, 188, 2021, 3, 2900.00, 1, 1),
(1170, 188, 2021, 4, 2900.00, 1, 1),
(1171, 188, 2021, 5, 3100.00, 1, 1),
(1172, 188, 2021, 6, 0.00, 0, 0),
(1173, 188, 2021, 7, 0.00, 0, 0),
(1174, 188, 2021, 8, 0.00, 0, 0),
(1175, 188, 2021, 9, 0.00, 0, 0),
(1176, 188, 2021, 10, 0.00, 0, 0),
(1177, 188, 2021, 11, 0.00, 0, 0),
(1178, 188, 2021, 12, 0.00, 0, 0),
(1179, 189, 2021, 0, 1100.00, 1, 1),
(1180, 189, 2021, 4, 1200.00, 1, 1),
(1181, 189, 2021, 5, 2900.00, 1, 1),
(1182, 189, 2021, 6, 2900.00, 1, 1),
(1183, 189, 2021, 7, 2900.00, 1, 1),
(1184, 189, 2021, 8, 3100.00, 1, 1),
(1185, 189, 2021, 9, 3100.00, 1, 1),
(1186, 189, 2021, 10, 3100.00, 1, 1),
(1187, 189, 2021, 11, 3100.00, 1, 1),
(1188, 189, 2021, 12, 0.00, 0, 1),
(1189, 190, 2021, 0, 1100.00, 1, 1),
(1190, 190, 2021, 2, 0.00, 1, 1),
(1191, 190, 2021, 3, 3100.00, 1, 1),
(1192, 190, 2021, 4, 2900.00, 1, 1),
(1193, 190, 2021, 5, 2900.00, 1, 1),
(1194, 190, 2021, 6, 2900.00, 1, 1),
(1195, 190, 2021, 7, 2900.00, 1, 1),
(1196, 190, 2021, 8, 3100.00, 1, 1),
(1197, 190, 2021, 9, 3100.00, 1, 1),
(1198, 190, 2021, 10, 3100.00, 1, 1),
(1199, 190, 2021, 11, 3100.00, 1, 1),
(1200, 190, 2021, 12, 3100.00, 1, 1),
(1201, 191, 2021, 0, 1100.00, 1, 1),
(1202, 191, 2021, 5, 2100.00, 1, 1),
(1203, 191, 2021, 6, 2100.00, 1, 1),
(1204, 191, 2021, 7, 2100.00, 1, 1),
(1205, 191, 2021, 8, 0.00, 0, 1),
(1206, 191, 2021, 9, 0.00, 0, 1),
(1207, 191, 2021, 10, 0.00, 0, 1),
(1208, 191, 2021, 11, 0.00, 0, 1),
(1209, 191, 2021, 12, 0.00, 0, 1),
(1210, 192, 2021, 0, 1200.00, 1, 1),
(1211, 192, 2021, 5, 3100.00, 1, 1),
(1212, 192, 2021, 6, 3100.00, 1, 1),
(1213, 192, 2021, 7, 2900.00, 1, 1),
(1214, 192, 2021, 8, 3100.00, 1, 1),
(1215, 192, 2021, 9, 3100.00, 1, 1),
(1216, 192, 2021, 10, 3100.00, 1, 1),
(1217, 192, 2021, 11, 3100.00, 1, 1),
(1218, 192, 2021, 12, 0.00, 0, 1),
(1219, 193, 2021, 0, 0.00, 0, 1),
(1220, 193, 2021, 3, 2900.00, 1, 1),
(1221, 193, 2021, 4, 2900.00, 1, 1),
(1222, 193, 2021, 5, 2900.00, 1, 1),
(1223, 193, 2021, 6, 2900.00, 1, 1),
(1224, 193, 2021, 7, 2900.00, 1, 1),
(1225, 193, 2021, 8, 3100.00, 1, 1),
(1226, 193, 2021, 9, 3100.00, 1, 1),
(1227, 193, 2021, 10, 3100.00, 1, 1),
(1228, 193, 2021, 11, 3100.00, 1, 1),
(1229, 193, 2021, 12, 0.00, 0, 1),
(1230, 194, 2021, 0, 1100.00, 1, 1),
(1231, 194, 2021, 5, 2000.00, 1, 1),
(1232, 194, 2021, 6, 2100.00, 1, 1),
(1233, 194, 2021, 7, 2000.00, 1, 1),
(1234, 194, 2021, 8, 0.00, 0, 1),
(1235, 194, 2021, 9, 0.00, 0, 1),
(1236, 194, 2021, 10, 0.00, 0, 1),
(1237, 194, 2021, 11, 0.00, 0, 1),
(1238, 194, 2021, 12, 0.00, 0, 1),
(1239, 195, 2021, 0, 1100.00, 1, 1),
(1240, 195, 2021, 5, 1800.00, 1, 1),
(1241, 195, 2021, 6, 2900.00, 1, 1),
(1242, 195, 2021, 7, 2900.00, 1, 1),
(1243, 195, 2021, 8, 3000.00, 1, 1),
(1244, 195, 2021, 9, 0.00, 0, 1),
(1245, 195, 2021, 10, 0.00, 0, 1),
(1246, 195, 2021, 11, 0.00, 0, 1),
(1247, 195, 2021, 12, 0.00, 0, 1),
(1248, 196, 2021, 0, 0.00, 0, 1),
(1249, 196, 2021, 3, 2633.00, 1, 1),
(1250, 196, 2021, 4, 2633.00, 1, 1),
(1251, 196, 2021, 5, 2633.00, 1, 1),
(1252, 196, 2021, 6, 2633.00, 1, 1),
(1253, 196, 2021, 7, 2633.00, 1, 1),
(1254, 196, 2021, 8, 2833.00, 1, 1),
(1255, 196, 2021, 9, 2567.00, 1, 1),
(1256, 196, 2021, 10, 2833.00, 1, 1),
(1257, 196, 2021, 11, 2833.00, 1, 1),
(1258, 196, 2021, 12, 0.00, 0, 1),
(1259, 197, 2021, 0, 0.00, 0, 1),
(1260, 197, 2021, 3, 2633.00, 1, 1),
(1261, 197, 2021, 4, 2633.00, 1, 1),
(1262, 197, 2021, 5, 2633.00, 1, 1),
(1263, 197, 2021, 6, 2633.00, 1, 1),
(1264, 197, 2021, 7, 2633.00, 1, 1),
(1265, 197, 2021, 8, 2833.00, 1, 1),
(1266, 197, 2021, 9, 3100.00, 1, 1),
(1267, 197, 2021, 10, 2833.00, 1, 1),
(1268, 197, 2021, 11, 2833.00, 1, 1),
(1269, 197, 2021, 12, 0.00, 0, 1),
(1270, 198, 2021, 0, 1100.00, 1, 1),
(1271, 198, 2021, 5, 1750.00, 1, 1),
(1272, 198, 2021, 6, 3500.00, 1, 1),
(1273, 198, 2021, 7, 2600.00, 1, 1),
(1274, 198, 2021, 8, 0.00, 0, 0),
(1275, 198, 2021, 9, 0.00, 0, 0),
(1276, 198, 2021, 10, 0.00, 0, 0),
(1277, 198, 2021, 11, 0.00, 0, 0),
(1278, 198, 2021, 12, 0.00, 0, 0),
(1279, 199, 2021, 0, 1100.00, 1, 1),
(1280, 199, 2021, 5, 1000.00, 1, 1),
(1281, 199, 2021, 6, 0.00, 0, 0),
(1282, 199, 2021, 7, 0.00, 0, 0),
(1283, 199, 2021, 8, 0.00, 0, 0),
(1284, 199, 2021, 9, 0.00, 0, 0),
(1285, 199, 2021, 10, 0.00, 0, 0),
(1286, 199, 2021, 11, 0.00, 0, 0),
(1287, 199, 2021, 12, 0.00, 0, 0),
(1288, 200, 2021, 0, 0.00, 0, 1),
(1289, 200, 2021, 5, 0.00, 0, 1),
(1290, 200, 2021, 6, 2633.00, 1, 1),
(1291, 200, 2021, 7, 2633.00, 1, 1),
(1292, 200, 2021, 8, 2833.00, 1, 1),
(1293, 200, 2021, 9, 2833.00, 1, 1),
(1294, 200, 2021, 10, 2833.00, 1, 1),
(1295, 200, 2021, 11, 2833.00, 1, 1),
(1296, 200, 2021, 12, 0.00, 0, 1),
(1297, 201, 2021, 0, 1100.00, 1, 1),
(1298, 201, 2021, 6, 2200.00, 1, 1),
(1299, 201, 2021, 7, 2900.00, 1, 1),
(1300, 201, 2021, 8, 3100.00, 1, 1),
(1301, 201, 2021, 9, 3100.00, 1, 1),
(1302, 201, 2021, 10, 3100.00, 1, 1),
(1303, 201, 2021, 11, 3100.00, 1, 1),
(1304, 201, 2021, 12, 0.00, 0, 1),
(1305, 202, 2021, 0, 1100.00, 1, 1),
(1306, 202, 2021, 3, 2900.00, 1, 1),
(1307, 202, 2021, 4, 2900.00, 1, 1),
(1308, 202, 2021, 5, 2900.00, 1, 1),
(1309, 202, 2021, 6, 2900.00, 1, 1),
(1310, 202, 2021, 7, 0.00, 0, 0),
(1311, 202, 2021, 8, 0.00, 0, 0),
(1312, 202, 2021, 9, 0.00, 0, 0),
(1313, 202, 2021, 10, 0.00, 0, 0),
(1314, 202, 2021, 11, 0.00, 0, 0),
(1315, 202, 2021, 12, 0.00, 0, 0),
(1316, 203, 2021, 0, 550.00, 1, 1),
(1317, 203, 2021, 6, 3100.00, 1, 1),
(1318, 203, 2021, 7, 2900.00, 1, 1),
(1319, 203, 2021, 8, 3100.00, 1, 1),
(1320, 203, 2021, 9, 0.00, 0, 1),
(1321, 203, 2021, 10, 0.00, 0, 1),
(1322, 203, 2021, 11, 0.00, 0, 1),
(1323, 203, 2021, 12, 0.00, 0, 1),
(1324, 204, 2021, 0, 0.00, 0, 1),
(1325, 204, 2021, 6, 0.00, 0, 1),
(1326, 204, 2021, 7, 2633.00, 1, 1),
(1327, 204, 2021, 8, 2833.00, 1, 1),
(1328, 204, 2021, 9, 2833.00, 1, 1),
(1329, 204, 2021, 10, 2833.00, 1, 1),
(1330, 204, 2021, 11, 0.00, 0, 1),
(1331, 204, 2021, 12, 0.00, 0, 1),
(1332, 205, 2021, 0, 0.00, 0, 1),
(1333, 205, 2021, 6, 0.00, 0, 1),
(1334, 205, 2021, 7, 2633.00, 1, 1),
(1335, 205, 2021, 8, 2833.00, 1, 1),
(1336, 205, 2021, 9, 2833.00, 1, 1),
(1337, 205, 2021, 10, 2833.00, 1, 1),
(1338, 205, 2021, 11, 0.00, 0, 1),
(1339, 205, 2021, 12, 0.00, 0, 1),
(1340, 206, 2021, 0, 0.00, 0, 1),
(1341, 206, 2021, 6, 900.00, 1, 1),
(1342, 206, 2021, 7, 0.00, 0, 1),
(1343, 206, 2021, 8, 0.00, 0, 1),
(1344, 206, 2021, 9, 0.00, 0, 1),
(1345, 206, 2021, 10, 0.00, 0, 1),
(1346, 206, 2021, 11, 0.00, 0, 1),
(1347, 206, 2021, 12, 0.00, 0, 1),
(1348, 207, 2021, 0, 0.00, 0, 1),
(1349, 207, 2021, 6, 1750.00, 1, 1),
(1350, 207, 2021, 7, 6900.00, 1, 1),
(1351, 207, 2021, 8, 6900.00, 1, 1),
(1352, 207, 2021, 9, 0.00, 0, 1),
(1353, 207, 2021, 10, 0.00, 0, 1),
(1354, 207, 2021, 11, 0.00, 0, 1),
(1355, 207, 2021, 12, 0.00, 0, 1),
(1356, 208, 2021, 0, 0.00, 0, 1),
(1357, 208, 2021, 7, 1275.00, 1, 1),
(1358, 208, 2021, 8, 3350.00, 1, 1),
(1359, 208, 2021, 9, 0.00, 0, 1),
(1360, 208, 2021, 10, 3400.00, 1, 1),
(1361, 208, 2021, 11, 0.00, 0, 1),
(1362, 208, 2021, 12, 0.00, 0, 1),
(1363, 209, 2021, 0, 825.00, 1, 1),
(1364, 209, 2021, 8, 2150.00, 1, 1),
(1365, 209, 2021, 9, 0.00, 0, 1),
(1366, 209, 2021, 10, 0.00, 0, 1),
(1367, 209, 2021, 11, 0.00, 0, 1),
(1368, 209, 2021, 12, 0.00, 0, 1),
(1369, 210, 2021, 0, 825.00, 1, 1),
(1370, 210, 2021, 8, 2150.00, 1, 1),
(1371, 210, 2021, 9, 0.00, 0, 1),
(1372, 210, 2021, 10, 0.00, 0, 1),
(1373, 210, 2021, 11, 0.00, 0, 1),
(1374, 210, 2021, 12, 0.00, 0, 1),
(1375, 211, 2021, 0, 250.00, 1, 1),
(1376, 211, 2021, 8, 3100.00, 1, 1),
(1377, 211, 2021, 9, 3100.00, 1, 1),
(1378, 211, 2021, 10, 2790.00, 1, 1),
(1379, 211, 2021, 11, 2790.00, 1, 1),
(1380, 211, 2021, 12, 2790.00, 1, 1),
(1381, 212, 2021, 0, 825.00, 1, 1),
(1382, 212, 2021, 8, 3000.00, 1, 1),
(1383, 212, 2021, 9, 4280.00, 1, 1),
(1384, 212, 2021, 10, 3100.00, 1, 1),
(1385, 212, 2021, 11, 2790.00, 1, 1),
(1386, 212, 2021, 12, 2790.00, 1, 1),
(1387, 213, 2021, 0, 0.00, 0, 1),
(1388, 213, 2021, 8, 1700.00, 1, 1),
(1389, 213, 2021, 9, 1700.00, 1, 1),
(1390, 213, 2021, 10, 1700.00, 1, 1),
(1391, 213, 2021, 11, 1700.00, 1, 1),
(1392, 213, 2021, 12, 0.00, 0, 1),
(1393, 214, 2021, 0, 825.00, 1, 1),
(1394, 214, 2021, 8, 2200.00, 1, 1),
(1395, 214, 2021, 9, 0.00, 0, 0),
(1396, 214, 2021, 10, 0.00, 0, 0),
(1397, 214, 2021, 11, 0.00, 0, 0),
(1398, 214, 2021, 12, 0.00, 0, 0),
(1399, 215, 2021, 0, 550.00, 1, 1),
(1400, 215, 2021, 8, 2500.00, 1, 1),
(1401, 215, 2021, 9, 0.00, 0, 1),
(1402, 215, 2021, 10, 0.00, 0, 1),
(1403, 215, 2021, 11, 0.00, 0, 1),
(1404, 215, 2021, 12, 0.00, 0, 1),
(1405, 216, 2021, 0, 550.00, 1, 1),
(1406, 216, 2021, 8, 2300.00, 1, 1),
(1407, 216, 2021, 9, 0.00, 0, 1),
(1408, 216, 2021, 10, 0.00, 0, 1),
(1409, 216, 2021, 11, 0.00, 0, 1),
(1410, 216, 2021, 12, 0.00, 0, 1),
(1411, 217, 2021, 0, 0.00, 0, 1),
(1412, 217, 2021, 9, 2020.00, 1, 1),
(1413, 217, 2021, 10, 2020.00, 1, 1),
(1414, 217, 2021, 11, 0.00, 0, 1),
(1415, 217, 2021, 12, 0.00, 0, 1),
(1416, 218, 2021, 0, 1100.00, 1, 1),
(1417, 218, 2021, 10, 0.00, 0, 1),
(1418, 218, 2021, 11, 0.00, 0, 1),
(1419, 218, 2021, 12, 0.00, 0, 1),
(1420, 107, 2022, 0, 0.00, 0, 1),
(1421, 107, 2022, 2, 0.00, 0, 1),
(1422, 107, 2022, 3, 0.00, 0, 1),
(1423, 107, 2022, 4, 0.00, 0, 1),
(1424, 107, 2022, 5, 0.00, 0, 1),
(1425, 107, 2022, 6, 0.00, 0, 1),
(1426, 107, 2022, 7, 0.00, 0, 1),
(1427, 107, 2022, 8, 0.00, 0, 1),
(1428, 107, 2022, 9, 0.00, 0, 1),
(1429, 107, 2022, 10, 0.00, 0, 1),
(1430, 107, 2022, 11, 0.00, 0, 1),
(1431, 107, 2022, 12, 0.00, 0, 1),
(1432, 108, 2022, 0, 1100.00, 1, 1),
(1433, 108, 2022, 2, 0.00, 0, 1),
(1434, 108, 2022, 3, 0.00, 0, 1),
(1435, 108, 2022, 4, 0.00, 0, 1),
(1436, 108, 2022, 5, 0.00, 0, 1),
(1437, 108, 2022, 6, 0.00, 0, 1),
(1438, 108, 2022, 7, 0.00, 0, 1),
(1439, 108, 2022, 8, 0.00, 0, 1),
(1440, 108, 2022, 9, 0.00, 0, 1),
(1441, 108, 2022, 10, 0.00, 0, 1),
(1442, 108, 2022, 11, 0.00, 0, 1),
(1443, 108, 2022, 12, 0.00, 0, 1),
(1444, 109, 2022, 0, 0.00, 0, 1),
(1445, 109, 2022, 2, 0.00, 0, 1),
(1446, 109, 2022, 3, 0.00, 0, 1),
(1447, 109, 2022, 4, 0.00, 0, 1),
(1448, 109, 2022, 5, 0.00, 0, 1),
(1449, 109, 2022, 6, 0.00, 0, 1),
(1450, 109, 2022, 7, 0.00, 0, 1),
(1451, 109, 2022, 8, 0.00, 0, 1),
(1452, 109, 2022, 9, 0.00, 0, 1),
(1453, 109, 2022, 10, 0.00, 0, 1),
(1454, 109, 2022, 11, 0.00, 0, 1),
(1455, 109, 2022, 12, 0.00, 0, 1),
(1456, 110, 2022, 0, 0.00, 0, 1),
(1457, 110, 2022, 2, 0.00, 0, 1),
(1458, 110, 2022, 3, 0.00, 0, 1),
(1459, 110, 2022, 4, 0.00, 0, 1),
(1460, 110, 2022, 5, 0.00, 0, 1),
(1461, 110, 2022, 6, 0.00, 0, 1),
(1462, 110, 2022, 7, 0.00, 0, 1),
(1463, 110, 2022, 8, 0.00, 0, 1),
(1464, 110, 2022, 9, 0.00, 0, 1),
(1465, 110, 2022, 10, 0.00, 0, 1),
(1466, 110, 2022, 11, 0.00, 0, 1),
(1467, 110, 2022, 12, 0.00, 0, 1),
(1468, 111, 2022, 0, 0.00, 0, 1),
(1469, 111, 2022, 2, 0.00, 0, 1),
(1470, 111, 2022, 3, 0.00, 0, 1),
(1471, 111, 2022, 4, 0.00, 0, 1),
(1472, 111, 2022, 5, 0.00, 0, 1),
(1473, 111, 2022, 6, 0.00, 0, 1),
(1474, 111, 2022, 7, 0.00, 0, 1),
(1475, 111, 2022, 8, 0.00, 0, 1),
(1476, 111, 2022, 9, 0.00, 0, 1),
(1477, 111, 2022, 10, 0.00, 0, 1),
(1478, 111, 2022, 11, 0.00, 0, 1),
(1479, 111, 2022, 12, 0.00, 0, 1),
(1480, 112, 2022, 0, 0.00, 0, 1),
(1481, 112, 2022, 2, 0.00, 0, 1),
(1482, 112, 2022, 3, 0.00, 0, 1),
(1483, 112, 2022, 4, 0.00, 0, 1),
(1484, 112, 2022, 5, 0.00, 0, 1),
(1485, 112, 2022, 6, 0.00, 0, 1),
(1486, 112, 2022, 7, 0.00, 0, 1),
(1487, 112, 2022, 8, 0.00, 0, 1),
(1488, 112, 2022, 9, 0.00, 0, 1),
(1489, 112, 2022, 10, 0.00, 0, 1),
(1490, 112, 2022, 11, 0.00, 0, 1),
(1491, 112, 2022, 12, 0.00, 0, 1),
(1492, 113, 2022, 0, 0.00, 0, 1),
(1493, 113, 2022, 2, 0.00, 0, 1),
(1494, 113, 2022, 3, 0.00, 0, 1),
(1495, 113, 2022, 4, 0.00, 0, 1),
(1496, 113, 2022, 5, 0.00, 0, 1),
(1497, 113, 2022, 6, 0.00, 0, 1),
(1498, 113, 2022, 7, 0.00, 0, 1),
(1499, 113, 2022, 8, 0.00, 0, 1),
(1500, 113, 2022, 9, 0.00, 0, 1),
(1501, 113, 2022, 10, 0.00, 0, 1),
(1502, 113, 2022, 11, 0.00, 0, 1),
(1503, 113, 2022, 12, 0.00, 0, 1),
(1504, 114, 2022, 0, 0.00, 0, 1),
(1505, 114, 2022, 2, 0.00, 0, 1),
(1506, 114, 2022, 3, 0.00, 0, 1),
(1507, 114, 2022, 4, 0.00, 0, 1),
(1508, 114, 2022, 5, 0.00, 0, 1),
(1509, 114, 2022, 6, 0.00, 0, 1),
(1510, 114, 2022, 7, 0.00, 0, 1),
(1511, 114, 2022, 8, 0.00, 0, 1),
(1512, 114, 2022, 9, 0.00, 0, 1),
(1513, 114, 2022, 10, 0.00, 0, 1),
(1514, 114, 2022, 11, 0.00, 0, 1),
(1515, 114, 2022, 12, 0.00, 0, 1),
(1516, 115, 2022, 0, 1500.00, 1, 1),
(1517, 115, 2022, 2, 0.00, 0, 1),
(1518, 115, 2022, 3, 2700.00, 1, 1),
(1519, 115, 2022, 4, 0.00, 0, 1),
(1520, 115, 2022, 5, 0.00, 0, 1),
(1521, 115, 2022, 6, 0.00, 0, 1),
(1522, 115, 2022, 7, 0.00, 0, 1),
(1523, 115, 2022, 8, 0.00, 0, 1),
(1524, 115, 2022, 9, 0.00, 0, 1),
(1525, 115, 2022, 10, 0.00, 0, 1),
(1526, 115, 2022, 11, 0.00, 0, 1),
(1527, 115, 2022, 12, 0.00, 0, 1),
(1528, 116, 2022, 0, 0.00, 0, 1),
(1529, 116, 2022, 2, 0.00, 0, 1),
(1530, 116, 2022, 3, 0.00, 0, 1),
(1531, 116, 2022, 4, 0.00, 0, 1),
(1532, 116, 2022, 5, 0.00, 0, 1),
(1533, 116, 2022, 6, 0.00, 0, 1),
(1534, 116, 2022, 7, 0.00, 0, 1),
(1535, 116, 2022, 8, 0.00, 0, 1),
(1536, 116, 2022, 9, 0.00, 0, 1),
(1537, 116, 2022, 10, 0.00, 0, 1),
(1538, 116, 2022, 11, 0.00, 0, 1),
(1539, 116, 2022, 12, 0.00, 0, 1),
(1540, 117, 2022, 0, 0.00, 0, 1),
(1541, 117, 2022, 2, 0.00, 0, 1),
(1542, 117, 2022, 3, 0.00, 0, 1),
(1543, 117, 2022, 4, 0.00, 0, 1),
(1544, 117, 2022, 5, 0.00, 0, 1),
(1545, 117, 2022, 6, 0.00, 0, 1),
(1546, 117, 2022, 7, 0.00, 0, 1),
(1547, 117, 2022, 8, 0.00, 0, 1),
(1548, 117, 2022, 9, 0.00, 0, 1),
(1549, 117, 2022, 10, 0.00, 0, 1),
(1550, 117, 2022, 11, 0.00, 0, 1),
(1551, 117, 2022, 12, 0.00, 0, 1),
(1552, 118, 2022, 0, 0.00, 0, 1),
(1553, 118, 2022, 2, 0.00, 0, 1),
(1554, 118, 2022, 3, 0.00, 0, 1),
(1555, 118, 2022, 4, 0.00, 0, 1),
(1556, 118, 2022, 5, 0.00, 0, 1),
(1557, 118, 2022, 6, 0.00, 0, 1),
(1558, 118, 2022, 7, 0.00, 0, 1),
(1559, 118, 2022, 8, 0.00, 0, 1),
(1560, 118, 2022, 9, 0.00, 0, 1),
(1561, 118, 2022, 10, 0.00, 0, 1),
(1562, 118, 2022, 11, 0.00, 0, 1),
(1563, 118, 2022, 12, 0.00, 0, 1),
(1564, 119, 2022, 0, 0.00, 0, 1),
(1565, 119, 2022, 2, 0.00, 0, 1),
(1566, 119, 2022, 3, 0.00, 0, 1),
(1567, 119, 2022, 4, 0.00, 0, 1),
(1568, 119, 2022, 5, 0.00, 0, 1),
(1569, 119, 2022, 6, 0.00, 0, 1),
(1570, 119, 2022, 7, 0.00, 0, 1),
(1571, 119, 2022, 8, 0.00, 0, 1),
(1572, 119, 2022, 9, 0.00, 0, 1),
(1573, 119, 2022, 10, 0.00, 0, 1),
(1574, 119, 2022, 11, 0.00, 0, 1),
(1575, 119, 2022, 12, 0.00, 0, 1),
(1576, 120, 2022, 0, 1100.00, 1, 1),
(1577, 120, 2022, 2, 0.00, 0, 1),
(1578, 120, 2022, 3, 0.00, 0, 1),
(1579, 120, 2022, 4, 0.00, 0, 1),
(1580, 120, 2022, 5, 0.00, 0, 1),
(1581, 120, 2022, 6, 0.00, 0, 1),
(1582, 120, 2022, 7, 0.00, 0, 1),
(1583, 120, 2022, 8, 0.00, 0, 1),
(1584, 120, 2022, 9, 0.00, 0, 1),
(1585, 120, 2022, 10, 0.00, 0, 1),
(1586, 120, 2022, 11, 0.00, 0, 1),
(1587, 120, 2022, 12, 0.00, 0, 1),
(1588, 121, 2022, 0, 0.00, 0, 1),
(1589, 121, 2022, 2, 0.00, 0, 1),
(1590, 121, 2022, 3, 0.00, 0, 1),
(1591, 121, 2022, 4, 0.00, 0, 1),
(1592, 121, 2022, 5, 0.00, 0, 1),
(1593, 121, 2022, 6, 0.00, 0, 1),
(1594, 121, 2022, 7, 0.00, 0, 1),
(1595, 121, 2022, 8, 0.00, 0, 1),
(1596, 121, 2022, 9, 0.00, 0, 1),
(1597, 121, 2022, 10, 0.00, 0, 1),
(1598, 121, 2022, 11, 0.00, 0, 1),
(1599, 121, 2022, 12, 0.00, 0, 1),
(1600, 122, 2022, 0, 1100.00, 1, 1),
(1601, 122, 2022, 2, 0.00, 0, 1),
(1602, 122, 2022, 3, 0.00, 0, 1),
(1603, 122, 2022, 4, 0.00, 0, 1),
(1604, 122, 2022, 5, 0.00, 0, 1),
(1605, 122, 2022, 6, 0.00, 0, 1),
(1606, 122, 2022, 7, 0.00, 0, 1),
(1607, 122, 2022, 8, 0.00, 0, 1),
(1608, 122, 2022, 9, 0.00, 0, 1),
(1609, 122, 2022, 10, 0.00, 0, 1),
(1610, 122, 2022, 11, 0.00, 0, 1),
(1611, 122, 2022, 12, 0.00, 0, 1),
(1612, 123, 2022, 0, 0.00, 0, 1),
(1613, 123, 2022, 2, 0.00, 0, 1),
(1614, 123, 2022, 3, 0.00, 0, 1),
(1615, 123, 2022, 4, 0.00, 0, 1),
(1616, 123, 2022, 5, 0.00, 0, 1),
(1617, 123, 2022, 6, 0.00, 0, 1),
(1618, 123, 2022, 7, 0.00, 0, 1),
(1619, 123, 2022, 8, 0.00, 0, 1),
(1620, 123, 2022, 9, 0.00, 0, 1),
(1621, 123, 2022, 10, 0.00, 0, 1),
(1622, 123, 2022, 11, 0.00, 0, 1),
(1623, 123, 2022, 12, 0.00, 0, 1),
(1624, 124, 2022, 0, 0.00, 0, 1),
(1625, 124, 2022, 2, 0.00, 0, 1),
(1626, 124, 2022, 3, 0.00, 0, 1),
(1627, 124, 2022, 4, 0.00, 0, 1),
(1628, 124, 2022, 5, 0.00, 0, 1),
(1629, 124, 2022, 6, 0.00, 0, 1),
(1630, 124, 2022, 7, 0.00, 0, 1),
(1631, 124, 2022, 8, 0.00, 0, 1),
(1632, 124, 2022, 9, 0.00, 0, 1),
(1633, 124, 2022, 10, 0.00, 0, 1),
(1634, 124, 2022, 11, 0.00, 0, 1),
(1635, 124, 2022, 12, 0.00, 0, 1),
(1636, 125, 2022, 0, 1100.00, 1, 1),
(1637, 125, 2022, 2, 0.00, 0, 1),
(1638, 125, 2022, 3, 0.00, 0, 1),
(1639, 125, 2022, 4, 0.00, 0, 1),
(1640, 125, 2022, 5, 0.00, 0, 1),
(1641, 125, 2022, 6, 0.00, 0, 1),
(1642, 125, 2022, 7, 0.00, 0, 1),
(1643, 125, 2022, 8, 0.00, 0, 1),
(1644, 125, 2022, 9, 0.00, 0, 1),
(1645, 125, 2022, 10, 0.00, 0, 1),
(1646, 125, 2022, 11, 0.00, 0, 1),
(1647, 125, 2022, 12, 0.00, 0, 1),
(1648, 126, 2022, 0, 1100.00, 1, 1),
(1649, 126, 2022, 2, 0.00, 0, 1),
(1650, 126, 2022, 3, 0.00, 0, 1),
(1651, 126, 2022, 4, 0.00, 0, 1),
(1652, 126, 2022, 5, 0.00, 0, 1),
(1653, 126, 2022, 6, 0.00, 0, 1),
(1654, 126, 2022, 7, 0.00, 0, 1),
(1655, 126, 2022, 8, 0.00, 0, 1),
(1656, 126, 2022, 9, 0.00, 0, 1),
(1657, 126, 2022, 10, 0.00, 0, 1),
(1658, 126, 2022, 11, 0.00, 0, 1),
(1659, 126, 2022, 12, 0.00, 0, 1),
(1660, 127, 2022, 0, 550.00, 1, 1),
(1661, 127, 2022, 2, 0.00, 0, 1),
(1662, 127, 2022, 3, 0.00, 0, 1),
(1663, 127, 2022, 4, 0.00, 0, 1),
(1664, 127, 2022, 5, 0.00, 0, 1),
(1665, 127, 2022, 6, 0.00, 0, 1),
(1666, 127, 2022, 7, 0.00, 0, 1),
(1667, 127, 2022, 8, 0.00, 0, 1),
(1668, 127, 2022, 9, 0.00, 0, 1),
(1669, 127, 2022, 10, 0.00, 0, 1),
(1670, 127, 2022, 11, 0.00, 0, 1),
(1671, 127, 2022, 12, 0.00, 0, 1),
(1672, 128, 2022, 0, 0.00, 0, 1),
(1673, 128, 2022, 2, 0.00, 0, 1),
(1674, 128, 2022, 3, 0.00, 0, 1),
(1675, 128, 2022, 4, 0.00, 0, 1),
(1676, 128, 2022, 5, 0.00, 0, 1),
(1677, 128, 2022, 6, 0.00, 0, 1),
(1678, 128, 2022, 7, 0.00, 0, 1),
(1679, 128, 2022, 8, 0.00, 0, 1),
(1680, 128, 2022, 9, 0.00, 0, 1),
(1681, 128, 2022, 10, 0.00, 0, 1),
(1682, 128, 2022, 11, 0.00, 0, 1),
(1683, 128, 2022, 12, 0.00, 0, 1),
(1684, 129, 2022, 0, 0.00, 0, 1),
(1685, 129, 2022, 2, 0.00, 0, 1),
(1686, 129, 2022, 3, 0.00, 0, 1),
(1687, 129, 2022, 4, 0.00, 0, 1),
(1688, 129, 2022, 5, 0.00, 0, 1),
(1689, 129, 2022, 6, 0.00, 0, 1),
(1690, 129, 2022, 7, 0.00, 0, 1),
(1691, 129, 2022, 8, 0.00, 0, 1),
(1692, 129, 2022, 9, 0.00, 0, 1),
(1693, 129, 2022, 10, 0.00, 0, 1),
(1694, 129, 2022, 11, 0.00, 0, 1),
(1695, 129, 2022, 12, 0.00, 0, 1),
(1696, 130, 2022, 0, 0.00, 0, 1),
(1697, 130, 2022, 2, 0.00, 0, 1),
(1698, 130, 2022, 3, 0.00, 0, 1),
(1699, 130, 2022, 4, 0.00, 0, 1),
(1700, 130, 2022, 5, 0.00, 0, 1),
(1701, 130, 2022, 6, 0.00, 0, 1),
(1702, 130, 2022, 7, 0.00, 0, 1),
(1703, 130, 2022, 8, 0.00, 0, 1),
(1704, 130, 2022, 9, 0.00, 0, 1),
(1705, 130, 2022, 10, 0.00, 0, 1),
(1706, 130, 2022, 11, 0.00, 0, 1),
(1707, 130, 2022, 12, 0.00, 0, 1),
(1708, 131, 2022, 0, 0.00, 0, 1),
(1709, 131, 2022, 2, 0.00, 0, 1),
(1710, 131, 2022, 3, 0.00, 0, 1),
(1711, 131, 2022, 4, 0.00, 0, 1),
(1712, 131, 2022, 5, 0.00, 0, 1),
(1713, 131, 2022, 6, 0.00, 0, 1),
(1714, 131, 2022, 7, 0.00, 0, 1),
(1715, 131, 2022, 8, 0.00, 0, 1),
(1716, 131, 2022, 9, 0.00, 0, 1),
(1717, 131, 2022, 10, 0.00, 0, 1),
(1718, 131, 2022, 11, 0.00, 0, 1),
(1719, 131, 2022, 12, 0.00, 0, 1),
(1720, 132, 2022, 0, 0.00, 0, 1),
(1721, 132, 2022, 2, 0.00, 0, 1),
(1722, 132, 2022, 3, 0.00, 0, 1),
(1723, 132, 2022, 4, 0.00, 0, 1),
(1724, 132, 2022, 5, 0.00, 0, 1),
(1725, 132, 2022, 6, 0.00, 0, 1),
(1726, 132, 2022, 7, 0.00, 0, 1),
(1727, 132, 2022, 8, 0.00, 0, 1),
(1728, 132, 2022, 9, 0.00, 0, 1),
(1729, 132, 2022, 10, 0.00, 0, 1),
(1730, 132, 2022, 11, 0.00, 0, 1),
(1731, 132, 2022, 12, 0.00, 0, 1),
(1732, 133, 2022, 0, 1100.00, 1, 1),
(1733, 133, 2022, 2, 0.00, 0, 1),
(1734, 133, 2022, 3, 0.00, 0, 1),
(1735, 133, 2022, 4, 0.00, 0, 1),
(1736, 133, 2022, 5, 0.00, 0, 1),
(1737, 133, 2022, 6, 0.00, 0, 1),
(1738, 133, 2022, 7, 0.00, 0, 1),
(1739, 133, 2022, 8, 0.00, 0, 1),
(1740, 133, 2022, 9, 0.00, 0, 1),
(1741, 133, 2022, 10, 0.00, 0, 1),
(1742, 133, 2022, 11, 0.00, 0, 1),
(1743, 133, 2022, 12, 0.00, 0, 1),
(1744, 134, 2022, 0, 1100.00, 1, 1),
(1745, 134, 2022, 2, 0.00, 0, 1),
(1746, 134, 2022, 3, 0.00, 0, 1),
(1747, 134, 2022, 4, 0.00, 0, 1),
(1748, 134, 2022, 5, 0.00, 0, 1),
(1749, 134, 2022, 6, 0.00, 0, 1),
(1750, 134, 2022, 7, 0.00, 0, 1),
(1751, 134, 2022, 8, 0.00, 0, 1),
(1752, 134, 2022, 9, 0.00, 0, 1),
(1753, 134, 2022, 10, 0.00, 0, 1),
(1754, 134, 2022, 11, 0.00, 0, 1),
(1755, 134, 2022, 12, 0.00, 0, 1),
(1756, 135, 2022, 0, 0.00, 0, 1),
(1757, 135, 2022, 2, 0.00, 0, 1),
(1758, 135, 2022, 3, 0.00, 0, 1),
(1759, 135, 2022, 4, 0.00, 0, 1),
(1760, 135, 2022, 5, 0.00, 0, 1),
(1761, 135, 2022, 6, 0.00, 0, 1),
(1762, 135, 2022, 7, 0.00, 0, 1),
(1763, 135, 2022, 8, 0.00, 0, 1),
(1764, 135, 2022, 9, 0.00, 0, 1),
(1765, 135, 2022, 10, 0.00, 0, 1),
(1766, 135, 2022, 11, 0.00, 0, 1),
(1767, 135, 2022, 12, 0.00, 0, 1),
(1768, 136, 2022, 0, 0.00, 0, 1),
(1769, 136, 2022, 2, 0.00, 0, 1),
(1770, 136, 2022, 3, 0.00, 0, 1),
(1771, 136, 2022, 4, 0.00, 0, 1),
(1772, 136, 2022, 5, 0.00, 0, 1),
(1773, 136, 2022, 6, 0.00, 0, 1),
(1774, 136, 2022, 7, 0.00, 0, 1),
(1775, 136, 2022, 8, 0.00, 0, 1),
(1776, 136, 2022, 9, 0.00, 0, 1),
(1777, 136, 2022, 10, 0.00, 0, 1),
(1778, 136, 2022, 11, 0.00, 0, 1),
(1779, 136, 2022, 12, 0.00, 0, 1),
(1780, 137, 2022, 0, 0.00, 0, 1),
(1781, 137, 2022, 2, 0.00, 0, 1),
(1782, 137, 2022, 3, 0.00, 0, 1),
(1783, 137, 2022, 4, 0.00, 0, 1),
(1784, 137, 2022, 5, 0.00, 0, 1),
(1785, 137, 2022, 6, 0.00, 0, 1),
(1786, 137, 2022, 7, 0.00, 0, 1),
(1787, 137, 2022, 8, 0.00, 0, 1),
(1788, 137, 2022, 9, 0.00, 0, 1),
(1789, 137, 2022, 10, 0.00, 0, 1),
(1790, 137, 2022, 11, 0.00, 0, 1),
(1791, 137, 2022, 12, 0.00, 0, 1),
(1792, 138, 2022, 0, 0.00, 0, 1),
(1793, 138, 2022, 2, 0.00, 0, 1);
INSERT INTO `cuenta_corriente` (`id_cc`, `id_persona`, `anio`, `cuota`, `monto`, `pago`, `activo`) VALUES
(1794, 138, 2022, 3, 0.00, 0, 1),
(1795, 138, 2022, 4, 0.00, 0, 1),
(1796, 138, 2022, 5, 0.00, 0, 1),
(1797, 138, 2022, 6, 0.00, 0, 1),
(1798, 138, 2022, 7, 0.00, 0, 1),
(1799, 138, 2022, 8, 0.00, 0, 1),
(1800, 138, 2022, 9, 0.00, 0, 1),
(1801, 138, 2022, 10, 0.00, 0, 1),
(1802, 138, 2022, 11, 0.00, 0, 1),
(1803, 138, 2022, 12, 0.00, 0, 1),
(1804, 139, 2022, 0, 1100.00, 1, 1),
(1805, 139, 2022, 2, 2900.00, 1, 1),
(1806, 139, 2022, 3, 0.00, 0, 1),
(1807, 139, 2022, 4, 0.00, 0, 1),
(1808, 139, 2022, 5, 0.00, 0, 1),
(1809, 139, 2022, 6, 0.00, 0, 1),
(1810, 139, 2022, 7, 0.00, 0, 1),
(1811, 139, 2022, 8, 0.00, 0, 1),
(1812, 139, 2022, 9, 0.00, 0, 1),
(1813, 139, 2022, 10, 0.00, 0, 1),
(1814, 139, 2022, 11, 0.00, 0, 1),
(1815, 139, 2022, 12, 0.00, 0, 1),
(1816, 140, 2022, 0, 0.00, 0, 1),
(1817, 140, 2022, 2, 0.00, 0, 1),
(1818, 140, 2022, 3, 0.00, 0, 1),
(1819, 140, 2022, 4, 0.00, 0, 1),
(1820, 140, 2022, 5, 0.00, 0, 1),
(1821, 140, 2022, 6, 0.00, 0, 1),
(1822, 140, 2022, 7, 0.00, 0, 1),
(1823, 140, 2022, 8, 0.00, 0, 1),
(1824, 140, 2022, 9, 0.00, 0, 1),
(1825, 140, 2022, 10, 0.00, 0, 1),
(1826, 140, 2022, 11, 0.00, 0, 1),
(1827, 140, 2022, 12, 0.00, 0, 1),
(1828, 141, 2022, 0, 1100.00, 1, 1),
(1829, 141, 2022, 2, 0.00, 0, 1),
(1830, 141, 2022, 3, 0.00, 0, 1),
(1831, 141, 2022, 4, 0.00, 0, 1),
(1832, 141, 2022, 5, 0.00, 0, 1),
(1833, 141, 2022, 6, 0.00, 0, 1),
(1834, 141, 2022, 7, 0.00, 0, 1),
(1835, 141, 2022, 8, 0.00, 0, 1),
(1836, 141, 2022, 9, 0.00, 0, 1),
(1837, 141, 2022, 10, 0.00, 0, 1),
(1838, 141, 2022, 11, 0.00, 0, 1),
(1839, 141, 2022, 12, 0.00, 0, 1),
(1840, 142, 2022, 0, 0.00, 0, 1),
(1841, 142, 2022, 2, 0.00, 0, 1),
(1842, 142, 2022, 3, 0.00, 0, 1),
(1843, 142, 2022, 4, 0.00, 0, 1),
(1844, 142, 2022, 5, 0.00, 0, 1),
(1845, 142, 2022, 6, 0.00, 0, 1),
(1846, 142, 2022, 7, 0.00, 0, 1),
(1847, 142, 2022, 8, 0.00, 0, 1),
(1848, 142, 2022, 9, 0.00, 0, 1),
(1849, 142, 2022, 10, 0.00, 0, 1),
(1850, 142, 2022, 11, 0.00, 0, 1),
(1851, 142, 2022, 12, 0.00, 0, 1),
(1852, 143, 2022, 0, 0.00, 0, 1),
(1853, 143, 2022, 2, 0.00, 0, 1),
(1854, 143, 2022, 3, 0.00, 0, 1),
(1855, 143, 2022, 4, 0.00, 0, 1),
(1856, 143, 2022, 5, 0.00, 0, 1),
(1857, 143, 2022, 6, 0.00, 0, 1),
(1858, 143, 2022, 7, 0.00, 0, 1),
(1859, 143, 2022, 8, 0.00, 0, 1),
(1860, 143, 2022, 9, 0.00, 0, 1),
(1861, 143, 2022, 10, 0.00, 0, 1),
(1862, 143, 2022, 11, 0.00, 0, 1),
(1863, 143, 2022, 12, 0.00, 0, 1),
(1864, 144, 2022, 0, 0.00, 0, 1),
(1865, 144, 2022, 2, 0.00, 0, 1),
(1866, 144, 2022, 3, 0.00, 0, 1),
(1867, 144, 2022, 4, 0.00, 0, 1),
(1868, 144, 2022, 5, 0.00, 0, 1),
(1869, 144, 2022, 6, 0.00, 0, 1),
(1870, 144, 2022, 7, 0.00, 0, 1),
(1871, 144, 2022, 8, 0.00, 0, 1),
(1872, 144, 2022, 9, 0.00, 0, 1),
(1873, 144, 2022, 10, 0.00, 0, 1),
(1874, 144, 2022, 11, 0.00, 0, 1),
(1875, 144, 2022, 12, 0.00, 0, 1),
(1876, 145, 2022, 0, 1100.00, 1, 1),
(1877, 145, 2022, 2, 0.00, 0, 1),
(1878, 145, 2022, 3, 0.00, 0, 1),
(1879, 145, 2022, 4, 0.00, 0, 1),
(1880, 145, 2022, 5, 0.00, 0, 1),
(1881, 145, 2022, 6, 0.00, 0, 1),
(1882, 145, 2022, 7, 0.00, 0, 1),
(1883, 145, 2022, 8, 0.00, 0, 1),
(1884, 145, 2022, 9, 0.00, 0, 1),
(1885, 145, 2022, 10, 0.00, 0, 1),
(1886, 145, 2022, 11, 0.00, 0, 1),
(1887, 145, 2022, 12, 0.00, 0, 1),
(1888, 146, 2022, 0, 0.00, 0, 1),
(1889, 146, 2022, 2, 0.00, 0, 1),
(1890, 146, 2022, 3, 0.00, 0, 1),
(1891, 146, 2022, 4, 0.00, 0, 1),
(1892, 146, 2022, 5, 0.00, 0, 1),
(1893, 146, 2022, 6, 0.00, 0, 1),
(1894, 146, 2022, 7, 0.00, 0, 1),
(1895, 146, 2022, 8, 0.00, 0, 1),
(1896, 146, 2022, 9, 0.00, 0, 1),
(1897, 146, 2022, 10, 0.00, 0, 1),
(1898, 146, 2022, 11, 0.00, 0, 1),
(1899, 146, 2022, 12, 0.00, 0, 1),
(1900, 147, 2022, 0, 0.00, 0, 1),
(1901, 147, 2022, 2, 0.00, 0, 1),
(1902, 147, 2022, 3, 0.00, 0, 1),
(1903, 147, 2022, 4, 0.00, 0, 1),
(1904, 147, 2022, 5, 0.00, 0, 1),
(1905, 147, 2022, 6, 0.00, 0, 1),
(1906, 147, 2022, 7, 0.00, 0, 1),
(1907, 147, 2022, 8, 0.00, 0, 1),
(1908, 147, 2022, 9, 0.00, 0, 1),
(1909, 147, 2022, 10, 0.00, 0, 1),
(1910, 147, 2022, 11, 0.00, 0, 1),
(1911, 147, 2022, 12, 0.00, 0, 1),
(1912, 148, 2022, 0, 0.00, 0, 1),
(1913, 148, 2022, 2, 0.00, 0, 1),
(1914, 148, 2022, 3, 0.00, 0, 1),
(1915, 148, 2022, 4, 0.00, 0, 1),
(1916, 148, 2022, 5, 0.00, 0, 1),
(1917, 148, 2022, 6, 0.00, 0, 1),
(1918, 148, 2022, 7, 0.00, 0, 1),
(1919, 148, 2022, 8, 0.00, 0, 1),
(1920, 148, 2022, 9, 0.00, 0, 1),
(1921, 148, 2022, 10, 0.00, 0, 1),
(1922, 148, 2022, 11, 0.00, 0, 1),
(1923, 148, 2022, 12, 0.00, 0, 1),
(1924, 149, 2022, 0, 1500.00, 1, 1),
(1925, 149, 2022, 2, 0.00, 0, 1),
(1926, 149, 2022, 3, 0.00, 0, 1),
(1927, 149, 2022, 4, 0.00, 0, 1),
(1928, 149, 2022, 5, 0.00, 0, 1),
(1929, 149, 2022, 6, 0.00, 0, 1),
(1930, 149, 2022, 7, 0.00, 0, 1),
(1931, 149, 2022, 8, 0.00, 0, 1),
(1932, 149, 2022, 9, 0.00, 0, 1),
(1933, 149, 2022, 10, 0.00, 0, 1),
(1934, 149, 2022, 11, 0.00, 0, 1),
(1935, 149, 2022, 12, 0.00, 0, 1),
(1936, 150, 2022, 0, 0.00, 0, 1),
(1937, 150, 2022, 2, 0.00, 0, 1),
(1938, 150, 2022, 3, 0.00, 0, 1),
(1939, 150, 2022, 4, 0.00, 0, 1),
(1940, 150, 2022, 5, 0.00, 0, 1),
(1941, 150, 2022, 6, 0.00, 0, 1),
(1942, 150, 2022, 7, 0.00, 0, 1),
(1943, 150, 2022, 8, 0.00, 0, 1),
(1944, 150, 2022, 9, 0.00, 0, 1),
(1945, 150, 2022, 10, 0.00, 0, 1),
(1946, 150, 2022, 11, 0.00, 0, 1),
(1947, 150, 2022, 12, 0.00, 0, 1),
(1948, 151, 2022, 0, 0.00, 0, 0),
(1949, 151, 2022, 2, 0.00, 0, 0),
(1950, 151, 2022, 3, 0.00, 0, 0),
(1951, 151, 2022, 4, 0.00, 0, 0),
(1952, 151, 2022, 5, 0.00, 0, 0),
(1953, 151, 2022, 6, 0.00, 0, 0),
(1954, 151, 2022, 7, 0.00, 0, 0),
(1955, 151, 2022, 8, 0.00, 0, 0),
(1956, 151, 2022, 9, 0.00, 0, 0),
(1957, 151, 2022, 10, 0.00, 0, 0),
(1958, 151, 2022, 11, 0.00, 0, 0),
(1959, 151, 2022, 12, 0.00, 0, 0),
(1960, 152, 2022, 0, 1650.00, 1, 1),
(1961, 152, 2022, 2, 0.00, 0, 1),
(1962, 152, 2022, 3, 0.00, 0, 1),
(1963, 152, 2022, 4, 0.00, 0, 1),
(1964, 152, 2022, 5, 0.00, 0, 1),
(1965, 152, 2022, 6, 0.00, 0, 1),
(1966, 152, 2022, 7, 0.00, 0, 1),
(1967, 152, 2022, 8, 0.00, 0, 1),
(1968, 152, 2022, 9, 0.00, 0, 1),
(1969, 152, 2022, 10, 0.00, 0, 1),
(1970, 152, 2022, 11, 0.00, 0, 1),
(1971, 152, 2022, 12, 0.00, 0, 1),
(1972, 153, 2022, 0, 0.00, 1, 1),
(1973, 153, 2022, 2, 0.00, 0, 1),
(1974, 153, 2022, 3, 0.00, 0, 1),
(1975, 153, 2022, 4, 0.00, 0, 1),
(1976, 153, 2022, 5, 0.00, 0, 1),
(1977, 153, 2022, 6, 0.00, 0, 1),
(1978, 153, 2022, 7, 0.00, 0, 1),
(1979, 153, 2022, 8, 0.00, 0, 1),
(1980, 153, 2022, 9, 0.00, 0, 1),
(1981, 153, 2022, 10, 0.00, 0, 1),
(1982, 153, 2022, 11, 0.00, 0, 1),
(1983, 153, 2022, 12, 0.00, 0, 1),
(1984, 154, 2022, 0, 0.00, 0, 1),
(1985, 154, 2022, 2, 0.00, 0, 1),
(1986, 154, 2022, 3, 0.00, 0, 1),
(1987, 154, 2022, 4, 0.00, 0, 1),
(1988, 154, 2022, 5, 0.00, 0, 1),
(1989, 154, 2022, 6, 0.00, 0, 1),
(1990, 154, 2022, 7, 0.00, 0, 1),
(1991, 154, 2022, 8, 0.00, 0, 1),
(1992, 154, 2022, 9, 0.00, 0, 1),
(1993, 154, 2022, 10, 0.00, 0, 1),
(1994, 154, 2022, 11, 0.00, 0, 1),
(1995, 154, 2022, 12, 0.00, 0, 1),
(1996, 155, 2022, 0, 0.00, 0, 1),
(1997, 155, 2022, 2, 0.00, 0, 1),
(1998, 155, 2022, 3, 0.00, 0, 1),
(1999, 155, 2022, 4, 0.00, 0, 1),
(2000, 155, 2022, 5, 0.00, 0, 1),
(2001, 155, 2022, 6, 0.00, 0, 1),
(2002, 155, 2022, 7, 0.00, 0, 1),
(2003, 155, 2022, 8, 0.00, 0, 1),
(2004, 155, 2022, 9, 0.00, 0, 1),
(2005, 155, 2022, 10, 0.00, 0, 1),
(2006, 155, 2022, 11, 0.00, 0, 1),
(2007, 155, 2022, 12, 0.00, 0, 1),
(2008, 156, 2022, 0, 1100.00, 1, 1),
(2009, 156, 2022, 2, 0.00, 0, 1),
(2010, 156, 2022, 3, 0.00, 0, 1),
(2011, 156, 2022, 4, 0.00, 0, 1),
(2012, 156, 2022, 5, 0.00, 0, 1),
(2013, 156, 2022, 6, 0.00, 0, 1),
(2014, 156, 2022, 7, 0.00, 0, 1),
(2015, 156, 2022, 8, 0.00, 0, 1),
(2016, 156, 2022, 9, 0.00, 0, 1),
(2017, 156, 2022, 10, 0.00, 0, 1),
(2018, 156, 2022, 11, 0.00, 0, 1),
(2019, 156, 2022, 12, 0.00, 0, 1),
(2020, 157, 2022, 0, 0.00, 0, 1),
(2021, 157, 2022, 2, 0.00, 0, 1),
(2022, 157, 2022, 3, 0.00, 0, 1),
(2023, 157, 2022, 4, 0.00, 0, 1),
(2024, 157, 2022, 5, 0.00, 0, 1),
(2025, 157, 2022, 6, 0.00, 0, 1),
(2026, 157, 2022, 7, 0.00, 0, 1),
(2027, 157, 2022, 8, 0.00, 0, 1),
(2028, 157, 2022, 9, 0.00, 0, 1),
(2029, 157, 2022, 10, 0.00, 0, 1),
(2030, 157, 2022, 11, 0.00, 0, 1),
(2031, 157, 2022, 12, 0.00, 0, 1),
(2032, 158, 2022, 0, 0.00, 0, 1),
(2033, 158, 2022, 2, 0.00, 0, 1),
(2034, 158, 2022, 3, 0.00, 0, 1),
(2035, 158, 2022, 4, 0.00, 0, 1),
(2036, 158, 2022, 5, 0.00, 0, 1),
(2037, 158, 2022, 6, 0.00, 0, 1),
(2038, 158, 2022, 7, 0.00, 0, 1),
(2039, 158, 2022, 8, 0.00, 0, 1),
(2040, 158, 2022, 9, 0.00, 0, 1),
(2041, 158, 2022, 10, 0.00, 0, 1),
(2042, 158, 2022, 11, 0.00, 0, 1),
(2043, 158, 2022, 12, 0.00, 0, 1),
(2044, 159, 2022, 0, 0.00, 0, 1),
(2045, 159, 2022, 2, 0.00, 0, 1),
(2046, 159, 2022, 3, 0.00, 0, 1),
(2047, 159, 2022, 4, 0.00, 0, 1),
(2048, 159, 2022, 5, 0.00, 0, 1),
(2049, 159, 2022, 6, 0.00, 0, 1),
(2050, 159, 2022, 7, 0.00, 0, 1),
(2051, 159, 2022, 8, 0.00, 0, 1),
(2052, 159, 2022, 9, 0.00, 0, 1),
(2053, 159, 2022, 10, 0.00, 0, 1),
(2054, 159, 2022, 11, 0.00, 0, 1),
(2055, 159, 2022, 12, 0.00, 0, 1),
(2056, 160, 2022, 0, 0.00, 0, 1),
(2057, 160, 2022, 2, 0.00, 0, 1),
(2058, 160, 2022, 3, 0.00, 0, 1),
(2059, 160, 2022, 4, 0.00, 0, 1),
(2060, 160, 2022, 5, 0.00, 0, 1),
(2061, 160, 2022, 6, 0.00, 0, 1),
(2062, 160, 2022, 7, 0.00, 0, 1),
(2063, 160, 2022, 8, 0.00, 0, 1),
(2064, 160, 2022, 9, 0.00, 0, 1),
(2065, 160, 2022, 10, 0.00, 0, 1),
(2066, 160, 2022, 11, 0.00, 0, 1),
(2067, 160, 2022, 12, 0.00, 0, 1),
(2068, 161, 2022, 0, 1100.00, 1, 1),
(2069, 161, 2022, 2, 0.00, 0, 1),
(2070, 161, 2022, 3, 0.00, 0, 1),
(2071, 161, 2022, 4, 0.00, 0, 1),
(2072, 161, 2022, 5, 0.00, 0, 1),
(2073, 161, 2022, 6, 0.00, 0, 1),
(2074, 161, 2022, 7, 0.00, 0, 1),
(2075, 161, 2022, 8, 0.00, 0, 1),
(2076, 161, 2022, 9, 0.00, 0, 1),
(2077, 161, 2022, 10, 0.00, 0, 1),
(2078, 161, 2022, 11, 0.00, 0, 1),
(2079, 161, 2022, 12, 0.00, 0, 1),
(2080, 162, 2022, 0, 0.00, 0, 1),
(2081, 162, 2022, 2, 0.00, 0, 1),
(2082, 162, 2022, 3, 0.00, 0, 1),
(2083, 162, 2022, 4, 0.00, 0, 1),
(2084, 162, 2022, 5, 0.00, 0, 1),
(2085, 162, 2022, 6, 0.00, 0, 1),
(2086, 162, 2022, 7, 0.00, 0, 1),
(2087, 162, 2022, 8, 0.00, 0, 1),
(2088, 162, 2022, 9, 0.00, 0, 1),
(2089, 162, 2022, 10, 0.00, 0, 1),
(2090, 162, 2022, 11, 0.00, 0, 1),
(2091, 162, 2022, 12, 0.00, 0, 1),
(2092, 163, 2022, 0, 0.00, 0, 1),
(2093, 163, 2022, 2, 0.00, 0, 1),
(2094, 163, 2022, 3, 0.00, 0, 1),
(2095, 163, 2022, 4, 0.00, 0, 1),
(2096, 163, 2022, 5, 0.00, 0, 1),
(2097, 163, 2022, 6, 0.00, 0, 1),
(2098, 163, 2022, 7, 0.00, 0, 1),
(2099, 163, 2022, 8, 0.00, 0, 1),
(2100, 163, 2022, 9, 0.00, 0, 1),
(2101, 163, 2022, 10, 0.00, 0, 1),
(2102, 163, 2022, 11, 0.00, 0, 1),
(2103, 163, 2022, 12, 0.00, 0, 1),
(2104, 164, 2022, 0, 0.00, 0, 1),
(2105, 164, 2022, 2, 0.00, 0, 1),
(2106, 164, 2022, 3, 0.00, 0, 1),
(2107, 164, 2022, 4, 0.00, 0, 1),
(2108, 164, 2022, 5, 0.00, 0, 1),
(2109, 164, 2022, 6, 0.00, 0, 1),
(2110, 164, 2022, 7, 0.00, 0, 1),
(2111, 164, 2022, 8, 0.00, 0, 1),
(2112, 164, 2022, 9, 0.00, 0, 1),
(2113, 164, 2022, 10, 0.00, 0, 1),
(2114, 164, 2022, 11, 0.00, 0, 1),
(2115, 164, 2022, 12, 0.00, 0, 1),
(2116, 165, 2022, 0, 0.00, 0, 1),
(2117, 165, 2022, 2, 0.00, 0, 1),
(2118, 165, 2022, 3, 0.00, 0, 1),
(2119, 165, 2022, 4, 0.00, 0, 1),
(2120, 165, 2022, 5, 0.00, 0, 1),
(2121, 165, 2022, 6, 0.00, 0, 1),
(2122, 165, 2022, 7, 0.00, 0, 1),
(2123, 165, 2022, 8, 0.00, 0, 1),
(2124, 165, 2022, 9, 0.00, 0, 1),
(2125, 165, 2022, 10, 0.00, 0, 1),
(2126, 165, 2022, 11, 0.00, 0, 1),
(2127, 165, 2022, 12, 0.00, 0, 1),
(2128, 166, 2022, 0, 0.00, 0, 1),
(2129, 166, 2022, 2, 0.00, 0, 1),
(2130, 166, 2022, 3, 0.00, 0, 1),
(2131, 166, 2022, 4, 0.00, 0, 1),
(2132, 166, 2022, 5, 0.00, 0, 1),
(2133, 166, 2022, 6, 0.00, 0, 1),
(2134, 166, 2022, 7, 0.00, 0, 1),
(2135, 166, 2022, 8, 0.00, 0, 1),
(2136, 166, 2022, 9, 0.00, 0, 1),
(2137, 166, 2022, 10, 0.00, 0, 1),
(2138, 166, 2022, 11, 0.00, 0, 1),
(2139, 166, 2022, 12, 0.00, 0, 1),
(2140, 167, 2022, 0, 0.00, 0, 0),
(2141, 167, 2022, 2, 0.00, 0, 0),
(2142, 167, 2022, 3, 0.00, 0, 0),
(2143, 167, 2022, 4, 0.00, 0, 0),
(2144, 167, 2022, 5, 0.00, 0, 0),
(2145, 167, 2022, 6, 0.00, 0, 0),
(2146, 167, 2022, 7, 0.00, 0, 0),
(2147, 167, 2022, 8, 0.00, 0, 0),
(2148, 167, 2022, 9, 0.00, 0, 0),
(2149, 167, 2022, 10, 0.00, 0, 0),
(2150, 167, 2022, 11, 0.00, 0, 0),
(2151, 167, 2022, 12, 0.00, 0, 0),
(2152, 168, 2022, 0, 1100.00, 1, 1),
(2153, 168, 2022, 2, 0.00, 0, 1),
(2154, 168, 2022, 3, 0.00, 0, 1),
(2155, 168, 2022, 4, 0.00, 0, 1),
(2156, 168, 2022, 5, 0.00, 0, 1),
(2157, 168, 2022, 6, 0.00, 0, 1),
(2158, 168, 2022, 7, 0.00, 0, 1),
(2159, 168, 2022, 8, 0.00, 0, 1),
(2160, 168, 2022, 9, 0.00, 0, 1),
(2161, 168, 2022, 10, 0.00, 0, 1),
(2162, 168, 2022, 11, 0.00, 0, 1),
(2163, 168, 2022, 12, 0.00, 0, 1),
(2164, 169, 2022, 0, 0.00, 0, 1),
(2165, 169, 2022, 2, 0.00, 0, 1),
(2166, 169, 2022, 3, 0.00, 0, 1),
(2167, 169, 2022, 4, 0.00, 0, 1),
(2168, 169, 2022, 5, 0.00, 0, 1),
(2169, 169, 2022, 6, 0.00, 0, 1),
(2170, 169, 2022, 7, 0.00, 0, 1),
(2171, 169, 2022, 8, 0.00, 0, 1),
(2172, 169, 2022, 9, 0.00, 0, 1),
(2173, 169, 2022, 10, 0.00, 0, 1),
(2174, 169, 2022, 11, 0.00, 0, 1),
(2175, 169, 2022, 12, 0.00, 0, 1),
(2176, 170, 2022, 0, 0.00, 0, 1),
(2177, 170, 2022, 2, 0.00, 0, 1),
(2178, 170, 2022, 3, 0.00, 0, 1),
(2179, 170, 2022, 4, 0.00, 0, 1),
(2180, 170, 2022, 5, 0.00, 0, 1),
(2181, 170, 2022, 6, 0.00, 0, 1),
(2182, 170, 2022, 7, 0.00, 0, 1),
(2183, 170, 2022, 8, 0.00, 0, 1),
(2184, 170, 2022, 9, 0.00, 0, 1),
(2185, 170, 2022, 10, 0.00, 0, 1),
(2186, 170, 2022, 11, 0.00, 0, 1),
(2187, 170, 2022, 12, 0.00, 0, 1),
(2188, 171, 2022, 0, 1100.00, 1, 1),
(2189, 171, 2022, 2, 0.00, 0, 1),
(2190, 171, 2022, 3, 0.00, 0, 1),
(2191, 171, 2022, 4, 0.00, 0, 1),
(2192, 171, 2022, 5, 0.00, 0, 1),
(2193, 171, 2022, 6, 0.00, 0, 1),
(2194, 171, 2022, 7, 0.00, 0, 1),
(2195, 171, 2022, 8, 0.00, 0, 1),
(2196, 171, 2022, 9, 0.00, 0, 1),
(2197, 171, 2022, 10, 0.00, 0, 1),
(2198, 171, 2022, 11, 0.00, 0, 1),
(2199, 171, 2022, 12, 0.00, 0, 1),
(2200, 172, 2022, 0, 1100.00, 1, 1),
(2201, 172, 2022, 2, 0.00, 0, 1),
(2202, 172, 2022, 3, 0.00, 0, 1),
(2203, 172, 2022, 4, 0.00, 0, 1),
(2204, 172, 2022, 5, 0.00, 0, 1),
(2205, 172, 2022, 6, 0.00, 0, 1),
(2206, 172, 2022, 7, 0.00, 0, 1),
(2207, 172, 2022, 8, 0.00, 0, 1),
(2208, 172, 2022, 9, 0.00, 0, 1),
(2209, 172, 2022, 10, 0.00, 0, 1),
(2210, 172, 2022, 11, 0.00, 0, 1),
(2211, 172, 2022, 12, 0.00, 0, 1),
(2212, 173, 2022, 0, 0.00, 0, 0),
(2213, 173, 2022, 2, 0.00, 0, 0),
(2214, 173, 2022, 3, 0.00, 0, 0),
(2215, 173, 2022, 4, 0.00, 0, 0),
(2216, 173, 2022, 5, 0.00, 0, 0),
(2217, 173, 2022, 6, 0.00, 0, 0),
(2218, 173, 2022, 7, 0.00, 0, 0),
(2219, 173, 2022, 8, 0.00, 0, 0),
(2220, 173, 2022, 9, 0.00, 0, 0),
(2221, 173, 2022, 10, 0.00, 0, 0),
(2222, 173, 2022, 11, 0.00, 0, 0),
(2223, 173, 2022, 12, 0.00, 0, 0),
(2224, 174, 2022, 0, 1500.00, 1, 1),
(2225, 174, 2022, 2, 0.00, 0, 1),
(2226, 174, 2022, 3, 0.00, 0, 1),
(2227, 174, 2022, 4, 0.00, 0, 1),
(2228, 174, 2022, 5, 0.00, 0, 1),
(2229, 174, 2022, 6, 0.00, 0, 1),
(2230, 174, 2022, 7, 0.00, 0, 1),
(2231, 174, 2022, 8, 0.00, 0, 1),
(2232, 174, 2022, 9, 0.00, 0, 1),
(2233, 174, 2022, 10, 0.00, 0, 1),
(2234, 174, 2022, 11, 0.00, 0, 1),
(2235, 174, 2022, 12, 0.00, 0, 1),
(2236, 175, 2022, 0, 1100.00, 1, 1),
(2237, 175, 2022, 2, 0.00, 0, 1),
(2238, 175, 2022, 3, 0.00, 0, 1),
(2239, 175, 2022, 4, 0.00, 0, 1),
(2240, 175, 2022, 5, 0.00, 0, 1),
(2241, 175, 2022, 6, 0.00, 0, 1),
(2242, 175, 2022, 7, 0.00, 0, 1),
(2243, 175, 2022, 8, 0.00, 0, 1),
(2244, 175, 2022, 9, 0.00, 0, 1),
(2245, 175, 2022, 10, 0.00, 0, 1),
(2246, 175, 2022, 11, 0.00, 0, 1),
(2247, 175, 2022, 12, 0.00, 0, 1),
(2248, 176, 2022, 0, 0.00, 0, 1),
(2249, 176, 2022, 2, 0.00, 0, 1),
(2250, 176, 2022, 3, 0.00, 0, 1),
(2251, 176, 2022, 4, 0.00, 0, 1),
(2252, 176, 2022, 5, 0.00, 0, 1),
(2253, 176, 2022, 6, 0.00, 0, 1),
(2254, 176, 2022, 7, 0.00, 0, 1),
(2255, 176, 2022, 8, 0.00, 0, 1),
(2256, 176, 2022, 9, 0.00, 0, 1),
(2257, 176, 2022, 10, 0.00, 0, 1),
(2258, 176, 2022, 11, 0.00, 0, 1),
(2259, 176, 2022, 12, 0.00, 0, 1),
(2260, 177, 2022, 0, 0.00, 0, 1),
(2261, 177, 2022, 2, 0.00, 0, 1),
(2262, 177, 2022, 3, 0.00, 0, 1),
(2263, 177, 2022, 4, 0.00, 0, 1),
(2264, 177, 2022, 5, 0.00, 0, 1),
(2265, 177, 2022, 6, 0.00, 0, 1),
(2266, 177, 2022, 7, 0.00, 0, 1),
(2267, 177, 2022, 8, 0.00, 0, 1),
(2268, 177, 2022, 9, 0.00, 0, 1),
(2269, 177, 2022, 10, 0.00, 0, 1),
(2270, 177, 2022, 11, 0.00, 0, 1),
(2271, 177, 2022, 12, 0.00, 0, 1),
(2272, 178, 2022, 0, 0.00, 0, 1),
(2273, 178, 2022, 2, 0.00, 0, 1),
(2274, 178, 2022, 3, 0.00, 0, 1),
(2275, 178, 2022, 4, 0.00, 0, 1),
(2276, 178, 2022, 5, 0.00, 0, 1),
(2277, 178, 2022, 6, 0.00, 0, 1),
(2278, 178, 2022, 7, 0.00, 0, 1),
(2279, 178, 2022, 8, 0.00, 0, 1),
(2280, 178, 2022, 9, 0.00, 0, 1),
(2281, 178, 2022, 10, 0.00, 0, 1),
(2282, 178, 2022, 11, 0.00, 0, 1),
(2283, 178, 2022, 12, 0.00, 0, 1),
(2284, 179, 2022, 0, 0.00, 0, 0),
(2285, 179, 2022, 2, 0.00, 0, 0),
(2286, 179, 2022, 3, 0.00, 0, 0),
(2287, 179, 2022, 4, 0.00, 0, 0),
(2288, 179, 2022, 5, 0.00, 0, 0),
(2289, 179, 2022, 6, 0.00, 0, 0),
(2290, 179, 2022, 7, 0.00, 0, 0),
(2291, 179, 2022, 8, 0.00, 0, 0),
(2292, 179, 2022, 9, 0.00, 0, 0),
(2293, 179, 2022, 10, 0.00, 0, 0),
(2294, 179, 2022, 11, 0.00, 0, 0),
(2295, 179, 2022, 12, 0.00, 0, 0),
(2296, 180, 2022, 0, 0.00, 0, 1),
(2297, 180, 2022, 2, 0.00, 0, 1),
(2298, 180, 2022, 3, 0.00, 0, 1),
(2299, 180, 2022, 4, 0.00, 0, 1),
(2300, 180, 2022, 5, 0.00, 0, 1),
(2301, 180, 2022, 6, 0.00, 0, 1),
(2302, 180, 2022, 7, 0.00, 0, 1),
(2303, 180, 2022, 8, 0.00, 0, 1),
(2304, 180, 2022, 9, 0.00, 0, 1),
(2305, 180, 2022, 10, 0.00, 0, 1),
(2306, 180, 2022, 11, 0.00, 0, 1),
(2307, 180, 2022, 12, 0.00, 0, 1),
(2308, 181, 2022, 0, 0.00, 0, 1),
(2309, 181, 2022, 2, 0.00, 0, 1),
(2310, 181, 2022, 3, 0.00, 0, 1),
(2311, 181, 2022, 4, 0.00, 0, 1),
(2312, 181, 2022, 5, 0.00, 0, 1),
(2313, 181, 2022, 6, 0.00, 0, 1),
(2314, 181, 2022, 7, 0.00, 0, 1),
(2315, 181, 2022, 8, 0.00, 0, 1),
(2316, 181, 2022, 9, 0.00, 0, 1),
(2317, 181, 2022, 10, 0.00, 0, 1),
(2318, 181, 2022, 11, 0.00, 0, 1),
(2319, 181, 2022, 12, 0.00, 0, 1),
(2320, 182, 2022, 0, 0.00, 0, 1),
(2321, 182, 2022, 2, 0.00, 0, 1),
(2322, 182, 2022, 3, 0.00, 0, 1),
(2323, 182, 2022, 4, 0.00, 0, 1),
(2324, 182, 2022, 5, 0.00, 0, 1),
(2325, 182, 2022, 6, 0.00, 0, 1),
(2326, 182, 2022, 7, 0.00, 0, 1),
(2327, 182, 2022, 8, 0.00, 0, 1),
(2328, 182, 2022, 9, 0.00, 0, 1),
(2329, 182, 2022, 10, 0.00, 0, 1),
(2330, 182, 2022, 11, 0.00, 0, 1),
(2331, 182, 2022, 12, 0.00, 0, 1),
(2332, 183, 2022, 0, 0.00, 0, 1),
(2333, 183, 2022, 2, 0.00, 0, 1),
(2334, 183, 2022, 3, 0.00, 0, 1),
(2335, 183, 2022, 4, 0.00, 0, 1),
(2336, 183, 2022, 5, 0.00, 0, 1),
(2337, 183, 2022, 6, 0.00, 0, 1),
(2338, 183, 2022, 7, 0.00, 0, 1),
(2339, 183, 2022, 8, 0.00, 0, 1),
(2340, 183, 2022, 9, 0.00, 0, 1),
(2341, 183, 2022, 10, 0.00, 0, 1),
(2342, 183, 2022, 11, 0.00, 0, 1),
(2343, 183, 2022, 12, 0.00, 0, 1),
(2344, 184, 2022, 0, 0.00, 0, 0),
(2345, 184, 2022, 2, 0.00, 0, 0),
(2346, 184, 2022, 3, 0.00, 0, 0),
(2347, 184, 2022, 4, 0.00, 0, 0),
(2348, 184, 2022, 5, 0.00, 0, 0),
(2349, 184, 2022, 6, 0.00, 0, 0),
(2350, 184, 2022, 7, 0.00, 0, 0),
(2351, 184, 2022, 8, 0.00, 0, 0),
(2352, 184, 2022, 9, 0.00, 0, 0),
(2353, 184, 2022, 10, 0.00, 0, 0),
(2354, 184, 2022, 11, 0.00, 0, 0),
(2355, 184, 2022, 12, 0.00, 0, 0),
(2356, 185, 2022, 0, 0.00, 0, 0),
(2357, 185, 2022, 2, 0.00, 0, 0),
(2358, 185, 2022, 3, 0.00, 0, 0),
(2359, 185, 2022, 4, 0.00, 0, 0),
(2360, 185, 2022, 5, 0.00, 0, 0),
(2361, 185, 2022, 6, 0.00, 0, 0),
(2362, 185, 2022, 7, 0.00, 0, 0),
(2363, 185, 2022, 8, 0.00, 0, 0),
(2364, 185, 2022, 9, 0.00, 0, 0),
(2365, 185, 2022, 10, 0.00, 0, 0),
(2366, 185, 2022, 11, 0.00, 0, 0),
(2367, 185, 2022, 12, 0.00, 0, 0),
(2368, 186, 2022, 0, 0.00, 0, 1),
(2369, 186, 2022, 2, 0.00, 0, 1),
(2370, 186, 2022, 3, 0.00, 0, 1),
(2371, 186, 2022, 4, 0.00, 0, 1),
(2372, 186, 2022, 5, 0.00, 0, 1),
(2373, 186, 2022, 6, 0.00, 0, 1),
(2374, 186, 2022, 7, 0.00, 0, 1),
(2375, 186, 2022, 8, 0.00, 0, 1),
(2376, 186, 2022, 9, 0.00, 0, 1),
(2377, 186, 2022, 10, 0.00, 0, 1),
(2378, 186, 2022, 11, 0.00, 0, 1),
(2379, 186, 2022, 12, 0.00, 0, 1),
(2380, 187, 2022, 0, 0.00, 0, 1),
(2381, 187, 2022, 2, 0.00, 0, 1),
(2382, 187, 2022, 3, 0.00, 0, 1),
(2383, 187, 2022, 4, 0.00, 0, 1),
(2384, 187, 2022, 5, 0.00, 0, 1),
(2385, 187, 2022, 6, 0.00, 0, 1),
(2386, 187, 2022, 7, 0.00, 0, 1),
(2387, 187, 2022, 8, 0.00, 0, 1),
(2388, 187, 2022, 9, 0.00, 0, 1),
(2389, 187, 2022, 10, 0.00, 0, 1),
(2390, 187, 2022, 11, 0.00, 0, 1),
(2391, 187, 2022, 12, 0.00, 0, 1),
(2392, 188, 2022, 0, 0.00, 0, 1),
(2393, 188, 2022, 2, 0.00, 0, 1),
(2394, 188, 2022, 3, 0.00, 0, 1),
(2395, 188, 2022, 4, 0.00, 0, 1),
(2396, 188, 2022, 5, 0.00, 0, 1),
(2397, 188, 2022, 6, 0.00, 0, 1),
(2398, 188, 2022, 7, 0.00, 0, 1),
(2399, 188, 2022, 8, 0.00, 0, 1),
(2400, 188, 2022, 9, 0.00, 0, 1),
(2401, 188, 2022, 10, 0.00, 0, 1),
(2402, 188, 2022, 11, 0.00, 0, 1),
(2403, 188, 2022, 12, 0.00, 0, 1),
(2404, 189, 2022, 0, 0.00, 0, 1),
(2405, 189, 2022, 2, 0.00, 0, 1),
(2406, 189, 2022, 3, 0.00, 0, 1),
(2407, 189, 2022, 4, 0.00, 0, 1),
(2408, 189, 2022, 5, 0.00, 0, 1),
(2409, 189, 2022, 6, 0.00, 0, 1),
(2410, 189, 2022, 7, 0.00, 0, 1),
(2411, 189, 2022, 8, 0.00, 0, 1),
(2412, 189, 2022, 9, 0.00, 0, 1),
(2413, 189, 2022, 10, 0.00, 0, 1),
(2414, 189, 2022, 11, 0.00, 0, 1),
(2415, 189, 2022, 12, 0.00, 0, 1),
(2416, 190, 2022, 0, 0.00, 0, 1),
(2417, 190, 2022, 2, 0.00, 0, 1),
(2418, 190, 2022, 3, 0.00, 0, 1),
(2419, 190, 2022, 4, 0.00, 0, 1),
(2420, 190, 2022, 5, 0.00, 0, 1),
(2421, 190, 2022, 6, 0.00, 0, 1),
(2422, 190, 2022, 7, 0.00, 0, 1),
(2423, 190, 2022, 8, 0.00, 0, 1),
(2424, 190, 2022, 9, 0.00, 0, 1),
(2425, 190, 2022, 10, 0.00, 0, 1),
(2426, 190, 2022, 11, 0.00, 0, 1),
(2427, 190, 2022, 12, 0.00, 0, 1),
(2428, 191, 2022, 0, 0.00, 0, 1),
(2429, 191, 2022, 2, 0.00, 0, 1),
(2430, 191, 2022, 3, 0.00, 0, 1),
(2431, 191, 2022, 4, 0.00, 0, 1),
(2432, 191, 2022, 5, 0.00, 0, 1),
(2433, 191, 2022, 6, 0.00, 0, 1),
(2434, 191, 2022, 7, 0.00, 0, 1),
(2435, 191, 2022, 8, 0.00, 0, 1),
(2436, 191, 2022, 9, 0.00, 0, 1),
(2437, 191, 2022, 10, 0.00, 0, 1),
(2438, 191, 2022, 11, 0.00, 0, 1),
(2439, 191, 2022, 12, 0.00, 0, 1),
(2440, 192, 2022, 0, 1100.00, 1, 1),
(2441, 192, 2022, 2, 0.00, 0, 1),
(2442, 192, 2022, 3, 0.00, 0, 1),
(2443, 192, 2022, 4, 0.00, 0, 1),
(2444, 192, 2022, 5, 0.00, 0, 1),
(2445, 192, 2022, 6, 0.00, 0, 1),
(2446, 192, 2022, 7, 0.00, 0, 1),
(2447, 192, 2022, 8, 0.00, 0, 1),
(2448, 192, 2022, 9, 0.00, 0, 1),
(2449, 192, 2022, 10, 0.00, 0, 1),
(2450, 192, 2022, 11, 0.00, 0, 1),
(2451, 192, 2022, 12, 0.00, 0, 1),
(2452, 193, 2022, 0, 1100.00, 1, 1),
(2453, 193, 2022, 2, 0.00, 0, 1),
(2454, 193, 2022, 3, 0.00, 0, 1),
(2455, 193, 2022, 4, 0.00, 0, 1),
(2456, 193, 2022, 5, 0.00, 0, 1),
(2457, 193, 2022, 6, 0.00, 0, 1),
(2458, 193, 2022, 7, 0.00, 0, 1),
(2459, 193, 2022, 8, 0.00, 0, 1),
(2460, 193, 2022, 9, 0.00, 0, 1),
(2461, 193, 2022, 10, 0.00, 0, 1),
(2462, 193, 2022, 11, 0.00, 0, 1),
(2463, 193, 2022, 12, 0.00, 0, 1),
(2464, 194, 2022, 0, 0.00, 0, 1),
(2465, 194, 2022, 2, 0.00, 0, 1),
(2466, 194, 2022, 3, 0.00, 0, 1),
(2467, 194, 2022, 4, 0.00, 0, 1),
(2468, 194, 2022, 5, 0.00, 0, 1),
(2469, 194, 2022, 6, 0.00, 0, 1),
(2470, 194, 2022, 7, 0.00, 0, 1),
(2471, 194, 2022, 8, 0.00, 0, 1),
(2472, 194, 2022, 9, 0.00, 0, 1),
(2473, 194, 2022, 10, 0.00, 0, 1),
(2474, 194, 2022, 11, 0.00, 0, 1),
(2475, 194, 2022, 12, 0.00, 0, 1),
(2476, 195, 2022, 0, 0.00, 0, 1),
(2477, 195, 2022, 2, 0.00, 0, 1),
(2478, 195, 2022, 3, 0.00, 0, 1),
(2479, 195, 2022, 4, 0.00, 0, 1),
(2480, 195, 2022, 5, 0.00, 0, 1),
(2481, 195, 2022, 6, 0.00, 0, 1),
(2482, 195, 2022, 7, 0.00, 0, 1),
(2483, 195, 2022, 8, 0.00, 0, 1),
(2484, 195, 2022, 9, 0.00, 0, 1),
(2485, 195, 2022, 10, 0.00, 0, 1),
(2486, 195, 2022, 11, 0.00, 0, 1),
(2487, 195, 2022, 12, 0.00, 0, 1),
(2488, 196, 2022, 0, 550.00, 1, 1),
(2489, 196, 2022, 2, 0.00, 0, 1),
(2490, 196, 2022, 3, 0.00, 0, 1),
(2491, 196, 2022, 4, 0.00, 0, 1),
(2492, 196, 2022, 5, 0.00, 0, 1),
(2493, 196, 2022, 6, 0.00, 0, 1),
(2494, 196, 2022, 7, 0.00, 0, 1),
(2495, 196, 2022, 8, 0.00, 0, 1),
(2496, 196, 2022, 9, 0.00, 0, 1),
(2497, 196, 2022, 10, 0.00, 0, 1),
(2498, 196, 2022, 11, 0.00, 0, 1),
(2499, 196, 2022, 12, 0.00, 0, 1),
(2500, 197, 2022, 0, 550.00, 1, 1),
(2501, 197, 2022, 2, 0.00, 0, 1),
(2502, 197, 2022, 3, 0.00, 0, 1),
(2503, 197, 2022, 4, 0.00, 0, 1),
(2504, 197, 2022, 5, 0.00, 0, 1),
(2505, 197, 2022, 6, 0.00, 0, 1),
(2506, 197, 2022, 7, 0.00, 0, 1),
(2507, 197, 2022, 8, 0.00, 0, 1),
(2508, 197, 2022, 9, 0.00, 0, 1),
(2509, 197, 2022, 10, 0.00, 0, 1),
(2510, 197, 2022, 11, 0.00, 0, 1),
(2511, 197, 2022, 12, 0.00, 0, 1),
(2512, 198, 2022, 0, 0.00, 0, 1),
(2513, 198, 2022, 2, 0.00, 0, 1),
(2514, 198, 2022, 3, 0.00, 0, 1),
(2515, 198, 2022, 4, 0.00, 0, 1),
(2516, 198, 2022, 5, 0.00, 0, 1),
(2517, 198, 2022, 6, 0.00, 0, 1),
(2518, 198, 2022, 7, 0.00, 0, 1),
(2519, 198, 2022, 8, 0.00, 0, 1),
(2520, 198, 2022, 9, 0.00, 0, 1),
(2521, 198, 2022, 10, 0.00, 0, 1),
(2522, 198, 2022, 11, 0.00, 0, 1),
(2523, 198, 2022, 12, 0.00, 0, 1),
(2524, 199, 2022, 0, 1500.00, 1, 1),
(2525, 199, 2022, 2, 0.00, 0, 1),
(2526, 199, 2022, 3, 0.00, 0, 1),
(2527, 199, 2022, 4, 0.00, 0, 1),
(2528, 199, 2022, 5, 0.00, 0, 1),
(2529, 199, 2022, 6, 0.00, 0, 1),
(2530, 199, 2022, 7, 0.00, 0, 1),
(2531, 199, 2022, 8, 0.00, 0, 1),
(2532, 199, 2022, 9, 0.00, 0, 1),
(2533, 199, 2022, 10, 0.00, 0, 1),
(2534, 199, 2022, 11, 0.00, 0, 1),
(2535, 199, 2022, 12, 0.00, 0, 1),
(2536, 200, 2022, 0, 1100.00, 1, 1),
(2537, 200, 2022, 2, 0.00, 0, 1),
(2538, 200, 2022, 3, 0.00, 0, 1),
(2539, 200, 2022, 4, 0.00, 0, 1),
(2540, 200, 2022, 5, 0.00, 0, 1),
(2541, 200, 2022, 6, 0.00, 0, 1),
(2542, 200, 2022, 7, 0.00, 0, 1),
(2543, 200, 2022, 8, 0.00, 0, 1),
(2544, 200, 2022, 9, 0.00, 0, 1),
(2545, 200, 2022, 10, 0.00, 0, 1),
(2546, 200, 2022, 11, 0.00, 0, 1),
(2547, 200, 2022, 12, 0.00, 0, 1),
(2548, 201, 2022, 0, 1100.00, 1, 1),
(2549, 201, 2022, 2, 0.00, 0, 1),
(2550, 201, 2022, 3, 0.00, 0, 1),
(2551, 201, 2022, 4, 0.00, 0, 1),
(2552, 201, 2022, 5, 0.00, 0, 1),
(2553, 201, 2022, 6, 0.00, 0, 1),
(2554, 201, 2022, 7, 0.00, 0, 1),
(2555, 201, 2022, 8, 0.00, 0, 1),
(2556, 201, 2022, 9, 0.00, 0, 1),
(2557, 201, 2022, 10, 0.00, 0, 1),
(2558, 201, 2022, 11, 0.00, 0, 1),
(2559, 201, 2022, 12, 0.00, 0, 1),
(2560, 202, 2022, 0, 0.00, 0, 1),
(2561, 202, 2022, 2, 0.00, 0, 1),
(2562, 202, 2022, 3, 0.00, 0, 1),
(2563, 202, 2022, 4, 0.00, 0, 1),
(2564, 202, 2022, 5, 0.00, 0, 1),
(2565, 202, 2022, 6, 0.00, 0, 1),
(2566, 202, 2022, 7, 0.00, 0, 1),
(2567, 202, 2022, 8, 0.00, 0, 1),
(2568, 202, 2022, 9, 0.00, 0, 1),
(2569, 202, 2022, 10, 0.00, 0, 1),
(2570, 202, 2022, 11, 0.00, 0, 1),
(2571, 202, 2022, 12, 0.00, 0, 1),
(2572, 203, 2022, 0, 0.00, 0, 0),
(2573, 203, 2022, 2, 0.00, 0, 0),
(2574, 203, 2022, 3, 0.00, 0, 0),
(2575, 203, 2022, 4, 0.00, 0, 0),
(2576, 203, 2022, 5, 0.00, 0, 0),
(2577, 203, 2022, 6, 0.00, 0, 0),
(2578, 203, 2022, 7, 0.00, 0, 0),
(2579, 203, 2022, 8, 0.00, 0, 0),
(2580, 203, 2022, 9, 0.00, 0, 0),
(2581, 203, 2022, 10, 0.00, 0, 0),
(2582, 203, 2022, 11, 0.00, 0, 0),
(2583, 203, 2022, 12, 0.00, 0, 0),
(2584, 204, 2022, 0, 550.00, 1, 1),
(2585, 204, 2022, 2, 0.00, 0, 1),
(2586, 204, 2022, 3, 0.00, 0, 1),
(2587, 204, 2022, 4, 0.00, 0, 1),
(2588, 204, 2022, 5, 0.00, 0, 1),
(2589, 204, 2022, 6, 0.00, 0, 1),
(2590, 204, 2022, 7, 0.00, 0, 1),
(2591, 204, 2022, 8, 0.00, 0, 1),
(2592, 204, 2022, 9, 0.00, 0, 1),
(2593, 204, 2022, 10, 0.00, 0, 1),
(2594, 204, 2022, 11, 0.00, 0, 1),
(2595, 204, 2022, 12, 0.00, 0, 1),
(2596, 205, 2022, 0, 550.00, 1, 1),
(2597, 205, 2022, 2, 0.00, 0, 1),
(2598, 205, 2022, 3, 0.00, 0, 1),
(2599, 205, 2022, 4, 0.00, 0, 1),
(2600, 205, 2022, 5, 0.00, 0, 1),
(2601, 205, 2022, 6, 0.00, 0, 1),
(2602, 205, 2022, 7, 0.00, 0, 1),
(2603, 205, 2022, 8, 0.00, 0, 1),
(2604, 205, 2022, 9, 0.00, 0, 1),
(2605, 205, 2022, 10, 0.00, 0, 1),
(2606, 205, 2022, 11, 0.00, 0, 1),
(2607, 205, 2022, 12, 0.00, 0, 1),
(2608, 206, 2022, 0, 0.00, 0, 1),
(2609, 206, 2022, 2, 0.00, 0, 1),
(2610, 206, 2022, 3, 0.00, 0, 1),
(2611, 206, 2022, 4, 0.00, 0, 1),
(2612, 206, 2022, 5, 0.00, 0, 1),
(2613, 206, 2022, 6, 0.00, 0, 1),
(2614, 206, 2022, 7, 0.00, 0, 1),
(2615, 206, 2022, 8, 0.00, 0, 1),
(2616, 206, 2022, 9, 0.00, 0, 1),
(2617, 206, 2022, 10, 0.00, 0, 1),
(2618, 206, 2022, 11, 0.00, 0, 1),
(2619, 206, 2022, 12, 0.00, 0, 1),
(2620, 207, 2022, 0, 0.00, 0, 1),
(2621, 207, 2022, 2, 0.00, 0, 1),
(2622, 207, 2022, 3, 0.00, 0, 1),
(2623, 207, 2022, 4, 0.00, 0, 1),
(2624, 207, 2022, 5, 0.00, 0, 1),
(2625, 207, 2022, 6, 0.00, 0, 1),
(2626, 207, 2022, 7, 0.00, 0, 1),
(2627, 207, 2022, 8, 0.00, 0, 1),
(2628, 207, 2022, 9, 0.00, 0, 1),
(2629, 207, 2022, 10, 0.00, 0, 1),
(2630, 207, 2022, 11, 0.00, 0, 1),
(2631, 207, 2022, 12, 0.00, 0, 1),
(2632, 208, 2022, 0, 0.00, 0, 0),
(2633, 208, 2022, 2, 0.00, 0, 0),
(2634, 208, 2022, 3, 0.00, 0, 0),
(2635, 208, 2022, 4, 0.00, 0, 0),
(2636, 208, 2022, 5, 0.00, 0, 0),
(2637, 208, 2022, 6, 0.00, 0, 0),
(2638, 208, 2022, 7, 0.00, 0, 0),
(2639, 208, 2022, 8, 0.00, 0, 0),
(2640, 208, 2022, 9, 0.00, 0, 0),
(2641, 208, 2022, 10, 0.00, 0, 0),
(2642, 208, 2022, 11, 0.00, 0, 0),
(2643, 208, 2022, 12, 0.00, 0, 0),
(2644, 209, 2022, 0, 0.00, 0, 0),
(2645, 209, 2022, 2, 0.00, 0, 0),
(2646, 209, 2022, 3, 0.00, 0, 0),
(2647, 209, 2022, 4, 0.00, 0, 0),
(2648, 209, 2022, 5, 0.00, 0, 0),
(2649, 209, 2022, 6, 0.00, 0, 0),
(2650, 209, 2022, 7, 0.00, 0, 0),
(2651, 209, 2022, 8, 0.00, 0, 0),
(2652, 209, 2022, 9, 0.00, 0, 0),
(2653, 209, 2022, 10, 0.00, 0, 0),
(2654, 209, 2022, 11, 0.00, 0, 0),
(2655, 209, 2022, 12, 0.00, 0, 0),
(2656, 210, 2022, 0, 0.00, 0, 1),
(2657, 210, 2022, 2, 0.00, 0, 1),
(2658, 210, 2022, 3, 0.00, 0, 1),
(2659, 210, 2022, 4, 0.00, 0, 1),
(2660, 210, 2022, 5, 0.00, 0, 1),
(2661, 210, 2022, 6, 0.00, 0, 1),
(2662, 210, 2022, 7, 0.00, 0, 1),
(2663, 210, 2022, 8, 0.00, 0, 1),
(2664, 210, 2022, 9, 0.00, 0, 1),
(2665, 210, 2022, 10, 0.00, 0, 1),
(2666, 210, 2022, 11, 0.00, 0, 1),
(2667, 210, 2022, 12, 0.00, 0, 1),
(2668, 211, 2022, 0, 1100.00, 1, 1),
(2669, 211, 2022, 2, 0.00, 0, 1),
(2670, 211, 2022, 3, 0.00, 0, 1),
(2671, 211, 2022, 4, 0.00, 0, 1),
(2672, 211, 2022, 5, 0.00, 0, 1),
(2673, 211, 2022, 6, 0.00, 0, 1),
(2674, 211, 2022, 7, 0.00, 0, 1),
(2675, 211, 2022, 8, 0.00, 0, 1),
(2676, 211, 2022, 9, 0.00, 0, 1),
(2677, 211, 2022, 10, 0.00, 0, 1),
(2678, 211, 2022, 11, 0.00, 0, 1),
(2679, 211, 2022, 12, 0.00, 0, 1),
(2680, 212, 2022, 0, 550.00, 1, 1),
(2681, 212, 2022, 2, 0.00, 0, 1),
(2682, 212, 2022, 3, 0.00, 0, 1),
(2683, 212, 2022, 4, 0.00, 0, 1),
(2684, 212, 2022, 5, 0.00, 0, 1),
(2685, 212, 2022, 6, 0.00, 0, 1),
(2686, 212, 2022, 7, 0.00, 0, 1),
(2687, 212, 2022, 8, 0.00, 0, 1),
(2688, 212, 2022, 9, 0.00, 0, 1),
(2689, 212, 2022, 10, 0.00, 0, 1),
(2690, 212, 2022, 11, 0.00, 0, 1),
(2691, 212, 2022, 12, 0.00, 0, 1),
(2692, 213, 2022, 0, 550.00, 1, 1),
(2693, 213, 2022, 2, 0.00, 0, 1),
(2694, 213, 2022, 3, 0.00, 0, 1),
(2695, 213, 2022, 4, 0.00, 0, 1),
(2696, 213, 2022, 5, 0.00, 0, 1),
(2697, 213, 2022, 6, 0.00, 0, 1),
(2698, 213, 2022, 7, 0.00, 0, 1),
(2699, 213, 2022, 8, 0.00, 0, 1),
(2700, 213, 2022, 9, 0.00, 0, 1),
(2701, 213, 2022, 10, 0.00, 0, 1),
(2702, 213, 2022, 11, 0.00, 0, 1),
(2703, 213, 2022, 12, 0.00, 0, 1),
(2704, 214, 2022, 0, 0.00, 0, 1),
(2705, 214, 2022, 2, 0.00, 0, 1),
(2706, 214, 2022, 3, 0.00, 0, 1),
(2707, 214, 2022, 4, 0.00, 0, 1),
(2708, 214, 2022, 5, 0.00, 0, 1),
(2709, 214, 2022, 6, 0.00, 0, 1),
(2710, 214, 2022, 7, 0.00, 0, 1),
(2711, 214, 2022, 8, 0.00, 0, 1),
(2712, 214, 2022, 9, 0.00, 0, 1),
(2713, 214, 2022, 10, 0.00, 0, 1),
(2714, 214, 2022, 11, 0.00, 0, 1),
(2715, 214, 2022, 12, 0.00, 0, 1),
(2716, 215, 2022, 0, 0.00, 0, 1),
(2717, 215, 2022, 2, 0.00, 0, 1),
(2718, 215, 2022, 3, 0.00, 0, 1),
(2719, 215, 2022, 4, 0.00, 0, 1),
(2720, 215, 2022, 5, 0.00, 0, 1),
(2721, 215, 2022, 6, 0.00, 0, 1),
(2722, 215, 2022, 7, 0.00, 0, 1),
(2723, 215, 2022, 8, 0.00, 0, 1),
(2724, 215, 2022, 9, 0.00, 0, 1),
(2725, 215, 2022, 10, 0.00, 0, 1),
(2726, 215, 2022, 11, 0.00, 0, 1),
(2727, 215, 2022, 12, 0.00, 0, 1),
(2728, 216, 2022, 0, 0.00, 0, 0),
(2729, 216, 2022, 2, 0.00, 0, 0),
(2730, 216, 2022, 3, 0.00, 0, 0),
(2731, 216, 2022, 4, 0.00, 0, 0),
(2732, 216, 2022, 5, 0.00, 0, 0),
(2733, 216, 2022, 6, 0.00, 0, 0),
(2734, 216, 2022, 7, 0.00, 0, 0),
(2735, 216, 2022, 8, 0.00, 0, 0),
(2736, 216, 2022, 9, 0.00, 0, 0),
(2737, 216, 2022, 10, 0.00, 0, 0),
(2738, 216, 2022, 11, 0.00, 0, 0),
(2739, 216, 2022, 12, 0.00, 0, 0),
(2740, 217, 2022, 0, 0.00, 0, 1),
(2741, 217, 2022, 2, 0.00, 0, 1),
(2742, 217, 2022, 3, 0.00, 0, 1),
(2743, 217, 2022, 4, 0.00, 0, 1),
(2744, 217, 2022, 5, 0.00, 0, 1),
(2745, 217, 2022, 6, 0.00, 0, 1),
(2746, 217, 2022, 7, 0.00, 0, 1),
(2747, 217, 2022, 8, 0.00, 0, 1),
(2748, 217, 2022, 9, 0.00, 0, 1),
(2749, 217, 2022, 10, 0.00, 0, 1),
(2750, 217, 2022, 11, 0.00, 0, 1),
(2751, 217, 2022, 12, 0.00, 0, 1),
(2752, 218, 2022, 0, 0.00, 0, 1),
(2753, 218, 2022, 2, 0.00, 0, 1),
(2754, 218, 2022, 3, 0.00, 0, 1),
(2755, 218, 2022, 4, 0.00, 0, 1),
(2756, 218, 2022, 5, 0.00, 0, 1),
(2757, 218, 2022, 6, 0.00, 0, 1),
(2758, 218, 2022, 7, 0.00, 0, 1),
(2759, 218, 2022, 8, 0.00, 0, 1),
(2760, 218, 2022, 9, 0.00, 0, 1),
(2761, 218, 2022, 10, 0.00, 0, 1),
(2762, 218, 2022, 11, 0.00, 0, 1),
(2763, 218, 2022, 12, 0.00, 0, 1),
(2764, 219, 2022, 0, 1500.00, 1, 1),
(2765, 219, 2022, 2, 0.00, 0, 1),
(2766, 219, 2022, 3, 0.00, 0, 1),
(2767, 219, 2022, 4, 0.00, 0, 1),
(2768, 219, 2022, 5, 0.00, 0, 1),
(2769, 219, 2022, 6, 0.00, 0, 1),
(2770, 219, 2022, 7, 0.00, 0, 1),
(2771, 219, 2022, 8, 0.00, 0, 1),
(2772, 219, 2022, 9, 0.00, 0, 1),
(2773, 219, 2022, 10, 0.00, 0, 1),
(2774, 219, 2022, 11, 0.00, 0, 1),
(2775, 219, 2022, 12, 0.00, 0, 1),
(2776, 220, 2022, 0, 1500.00, 1, 1),
(2777, 220, 2022, 2, 0.00, 0, 1),
(2778, 220, 2022, 3, 0.00, 0, 1),
(2779, 220, 2022, 4, 0.00, 0, 1),
(2780, 220, 2022, 5, 0.00, 0, 1),
(2781, 220, 2022, 6, 0.00, 0, 1),
(2782, 220, 2022, 7, 0.00, 0, 1),
(2783, 220, 2022, 8, 0.00, 0, 1),
(2784, 220, 2022, 9, 0.00, 0, 1),
(2785, 220, 2022, 10, 0.00, 0, 1),
(2786, 220, 2022, 11, 0.00, 0, 1),
(2787, 220, 2022, 12, 0.00, 0, 1),
(2788, 221, 2022, 0, 750.00, 1, 1),
(2789, 221, 2022, 2, 0.00, 0, 1),
(2790, 221, 2022, 3, 0.00, 0, 1),
(2791, 221, 2022, 4, 0.00, 0, 1),
(2792, 221, 2022, 5, 0.00, 0, 1),
(2793, 221, 2022, 6, 0.00, 0, 1),
(2794, 221, 2022, 7, 0.00, 0, 1),
(2795, 221, 2022, 8, 0.00, 0, 1),
(2796, 221, 2022, 9, 0.00, 0, 1),
(2797, 221, 2022, 10, 0.00, 0, 1),
(2798, 221, 2022, 11, 0.00, 0, 1),
(2799, 221, 2022, 12, 0.00, 0, 1),
(2800, 222, 2022, 0, 1500.00, 1, 1),
(2801, 222, 2022, 2, 0.00, 0, 1),
(2802, 222, 2022, 3, 3750.00, 1, 1),
(2803, 222, 2022, 4, 0.00, 0, 1),
(2804, 222, 2022, 5, 0.00, 0, 1),
(2805, 222, 2022, 6, 0.00, 0, 1),
(2806, 222, 2022, 7, 0.00, 0, 1),
(2807, 222, 2022, 8, 0.00, 0, 1),
(2808, 222, 2022, 9, 0.00, 0, 1),
(2809, 222, 2022, 10, 0.00, 0, 1),
(2810, 222, 2022, 11, 0.00, 0, 1),
(2811, 222, 2022, 12, 0.00, 0, 1),
(2812, 223, 2022, 0, 750.00, 1, 1),
(2813, 223, 2022, 2, 0.00, 0, 1),
(2814, 223, 2022, 3, 3750.00, 1, 1),
(2815, 223, 2022, 4, 0.00, 0, 1),
(2816, 223, 2022, 5, 0.00, 0, 1),
(2817, 223, 2022, 6, 0.00, 0, 1),
(2818, 223, 2022, 7, 0.00, 0, 1),
(2819, 223, 2022, 8, 0.00, 0, 1),
(2820, 223, 2022, 9, 0.00, 0, 1),
(2821, 223, 2022, 10, 0.00, 0, 1),
(2822, 223, 2022, 11, 0.00, 0, 1),
(2823, 223, 2022, 12, 0.00, 0, 1);

-- --------------------------------------------------------

--
-- Estructura de tabla para la tabla `cursos`
--

CREATE TABLE `cursos` (
  `id_curso` int(11) NOT NULL,
  `nombre_curso` varchar(255) DEFAULT NULL,
  `descripcion` varchar(255) DEFAULT NULL,
  `diaD` varchar(25) DEFAULT NULL,
  `diaH` varchar(25) DEFAULT NULL,
  `activo` int(2) DEFAULT NULL,
  `horaIn` varchar(255) DEFAULT NULL,
  `horaFin` varchar(255) DEFAULT NULL
) ENGINE=InnoDB DEFAULT CHARSET=utf8 ROW_FORMAT=DYNAMIC;

--
-- Volcado de datos para la tabla `cursos`
--

INSERT INTO `cursos` (`id_curso`, `nombre_curso`, `descripcion`, `diaD`, `diaH`, `activo`, `horaIn`, `horaFin`) VALUES
(16, 'TEENS A2 (A)', '', 'LUNES', 'MIERCOLES', 1, '4:00 PM', '5:30 PM'),
(17, 'ADULTS PRE-INTERMEDIATE', '', 'JUEVES', 'JUEVES', 1, '7:00 PM', '9:00 PM'),
(18, 'ADULTS INTERMEDIATE', '', 'LUNES', 'MIERCOLES', 1, '3:00 PM', '4:30 PM'),
(19, 'TEENS A2 (B)', '', 'LUNES', 'MIERCOLES', 1, '4:30 PM', '6:00 PM'),
(20, 'TEENS A2 (C)', '', 'LUNES', 'MIERCOLES', 1, '6:00 PM', '7:30 PM'),
(21, 'TEENS A2 (D)', '', 'LUNES', 'MIERCOLES', 1, '3:30 PM', '5:00 PM'),
(22, 'CHILDREN 2', '', 'LUNES', 'MIERCOLES', 1, '5:30 PM', '7:00 PM'),
(23, 'TEENS B1+ (A)', '', 'LUNES', 'MIERCOLES', 1, '3:30 PM', '5:00 PM'),
(24, 'CHILDREN 1', '', 'LUNES', 'MIERCOLES', 1, '5:30 PM', '7:00 PM'),
(25, 'B2 FIRST (2)', '', 'LUNES', 'MIERCOLES', 1, '7:30 PM', '9:00 PM'),
(26, 'YOUNG ADULTS PRE-INTERMEDIATE', '', 'LUNES', 'MIERCOLES', 1, '5:30 PM', '7:00 PM'),
(27, 'ADULTS PRE-INTERMEDIATE (B)', '', 'LUNES', 'LUNES', 1, '4:00 PM', '6:00 PM'),
(28, 'ADULTS ELEMENTARY', '', 'LUNES', 'LUNES', 1, '7:00 PM', '9:00 PM'),
(29, 'ADULTS ELEMENTARY+', '', 'MIERCOLES', 'MIERCOLES', 1, '4:30 PM', '6:00 PM'),
(30, 'TEENS A2 (E)', '', 'MIERCOLES', 'MIERCOLES', 1, '7:00 PM', '9:00 PM'),
(31, 'TEENS A1+', '', 'MARTES', 'JUEVES', 1, '3:30 PM', '5:00 PM'),
(32, 'TEENS B1+ (B)', '', 'MARTES', 'JUEVES', 1, '5:00 PM', '6:30 PM'),
(33, 'CHILDREN 3', '', 'MARTES', 'JUEVES', 1, '5:30 PM', '7:00 PM'),
(34, 'ADULTS C1 (A)', '', 'MARTES', 'MARTES', 1, '2:00 PM', '4:00 PM'),
(35, 'INGRESO UNLP', '', 'MARTES', 'JUEVES', 1, '9:30 AM', '11:00 AM'),
(36, 'B2 FIRST (1)', '', 'MARTES', 'VIERNES', 1, '7:00 PM', '9:00 PM'),
(37, 'ADULTS ELEMENTARY (B)', '', 'MARTES', 'MARTES', 1, '7:00 PM', '9:00 PM'),
(38, 'ADULTS C1 (B)', '', 'VIERNES', 'VIERNES', 1, '9:00 AM', '11:00 AM'),
(39, 'ADULTS PRE-INTERMEDIATE (LUCíA)', '', 'JUEVES', 'JUEVES', 1, '4:00 PM', '5:30 PM'),
(40, 'TEENS A2 (F)', '', 'MIERCOLES', 'VIERNES', 1, '4:00 PM', '5:30 PM'),
(41, 'TEENS B1', '', 'MIERCOLES', 'VIERNES', 1, '6:30 PM', '8:00 PM'),
(42, 'TEENS B1+/B2', '', 'MIERCOLES', 'VIERNES', 1, '4:30 PM', '6:00 PM'),
(43, 'IELTS', '', 'MIERCOLES', 'MIERCOLES', 1, '8:00 AM', '10:00 AM'),
(44, 'IELTS', '', 'MIERCOLES', 'MIERCOLES', 0, '8:00 AM', '10:4'),
(45, 'IELTS (B)', '', 'VIERNES', 'VIERNES', 1, '3:30 PM', '5:30 PM');

-- --------------------------------------------------------

--
-- Estructura de tabla para la tabla `curso_docente_alumnos`
--

CREATE TABLE `curso_docente_alumnos` (
  `id_docente` int(11) DEFAULT NULL,
  `id_libro` int(11) DEFAULT NULL,
  `id_alumno` int(11) DEFAULT NULL,
  `id_curso` int(11) DEFAULT NULL
) ENGINE=InnoDB DEFAULT CHARSET=utf8 ROW_FORMAT=DYNAMIC;

--
-- Volcado de datos para la tabla `curso_docente_alumnos`
--

INSERT INTO `curso_docente_alumnos` (`id_docente`, `id_libro`, `id_alumno`, `id_curso`) VALUES
(9, 9, 107, 16),
(10, 10, 109, 17),
(10, 21, 137, 34),
(10, 21, 131, 34),
(10, 21, 136, 34),
(10, 20, 129, 45),
(10, 20, 130, 45);

-- --------------------------------------------------------

--
-- Estructura de tabla para la tabla `docentes`
--

CREATE TABLE `docentes` (
  `id_docente` int(11) NOT NULL,
  `nombre` varchar(255) DEFAULT NULL,
  `apellido` varchar(255) DEFAULT NULL,
  `dni` int(11) DEFAULT NULL,
  `activo` int(2) DEFAULT NULL,
  `email` varchar(255) DEFAULT NULL
) ENGINE=InnoDB DEFAULT CHARSET=utf8 ROW_FORMAT=DYNAMIC;

--
-- Volcado de datos para la tabla `docentes`
--

INSERT INTO `docentes` (`id_docente`, `nombre`, `apellido`, `dni`, `activo`, `email`) VALUES
(9, 'ESTEFANíA', 'MAGAÑINI', 15480692, 1, ''),
(10, 'JIMENA', 'ANGELANI', 33677224, 1, 'angelanijimena@gmail.com'),
(11, 'MARíA SOL', 'DEGAETANO', 11111111, 1, 'solcitod6@hotmail.com '),
(12, 'VICTORIA', 'MOSQUERA', 11111111, 1, 'victoria.mos2012@gmail.com '),
(13, 'ROCíO BELéN', 'JUAN MORENO', 11111111, 1, 'rociobjuan@gmail.com '),
(14, 'SOFíA', 'MARTINS', 11111111, 0, 'martinsofia.93@gmail.com '),
(15, 'SOFíA', 'CAVIGLIA', 41466437, 1, 'soficaviglia1998@gmail.com');

-- --------------------------------------------------------

--
-- Estructura de tabla para la tabla `fichas_salud`
--

CREATE TABLE `fichas_salud` (
  `id_ficha` int(11) NOT NULL,
  `traslado` varchar(255) DEFAULT NULL,
  `nombre_emergencia` varchar(255) DEFAULT NULL,
  `telefono_emergencia` varchar(255) DEFAULT NULL,
  `medicacion` int(2) DEFAULT NULL,
  `tratamiento` int(2) DEFAULT NULL,
  `enfermedad` int(2) DEFAULT NULL,
  `intervencion` int(2) DEFAULT NULL,
  `id_alumno` int(11) DEFAULT NULL,
  `descripcion_medicacion` varchar(255) DEFAULT NULL,
  `descripcion_tratamiento` varchar(255) DEFAULT NULL,
  `descripcion_enfermedad` varchar(255) DEFAULT NULL,
  `descripcion_intervencion` varchar(255) DEFAULT NULL,
  `fecha_carga` date DEFAULT NULL,
  `activo` int(2) DEFAULT NULL
) ENGINE=InnoDB DEFAULT CHARSET=utf8 ROW_FORMAT=DYNAMIC;

-- --------------------------------------------------------

--
-- Estructura de tabla para la tabla `gastos`
--

CREATE TABLE `gastos` (
  `id_pago` int(11) NOT NULL,
  `fecha` date DEFAULT NULL,
  `medio` varchar(255) DEFAULT NULL,
  `concepto` varchar(255) DEFAULT NULL,
  `monto` double(255,2) DEFAULT NULL,
  `activo` int(255) DEFAULT NULL
) ENGINE=InnoDB DEFAULT CHARSET=utf8 ROW_FORMAT=DYNAMIC;

--
-- Volcado de datos para la tabla `gastos`
--

INSERT INTO `gastos` (`id_pago`, `fecha`, `medio`, `concepto`, `monto`, `activo`) VALUES
(8, '2021-03-06', '2', 'Mesas', 13000.00, 1),
(9, '2021-03-08', '2', 'Alquiler Marzo', 32500.00, 1),
(10, '2021-03-09', '1', 'Pintura mesas', 1171.00, 1),
(11, '2021-03-09', '1', 'Infu', 650.00, 1),
(12, '2021-03-04', '3', 'Luz 1', 1082.00, 1),
(13, '2021-03-04', '3', 'Luz 2', 1082.00, 1),
(14, '2021-03-10', '3', 'Telecentro', 1300.00, 1),
(15, '2021-03-15', '3', 'Teléfono', 969.00, 1),
(16, '2021-04-07', '2', 'Alquiler Abril', 32500.00, 1),
(17, '2021-04-07', '2', 'Sueldo Marzo Antonella', 1050.00, 1),
(18, '2021-04-07', '2', 'Sueldo Marzo Rocío', 8400.00, 1),
(19, '2021-04-07', '2', 'Sueldo Marzo Estefanía', 12600.00, 1),
(20, '2021-04-07', '2', 'Sueldo Marzo Antú', 5250.00, 1),
(21, '2021-04-07', '1', 'Sueldo Marzo Sol|', 17800.00, 1),
(22, '2021-04-07', '1', 'Sueldo Marzo Sofía', 16400.00, 1),
(23, '2021-04-07', '1', 'Sueldo Marzo Vicky', 8400.00, 1),
(24, '2021-04-12', '1', 'Sueldo Marzo Sofía Martins', 2100.00, 1),
(25, '2021-04-06', '3', 'Gas 1', 127.00, 1),
(26, '2021-04-06', '3', 'Gas 2', 258.00, 1),
(27, '2021-04-14', '3', 'Luz 1', 672.00, 1),
(28, '2021-04-14', '3', 'Luz 2', 305.00, 1),
(29, '2021-04-09', '3', 'Telecentro', 1970.00, 1),
(30, '2021-04-21', '3', 'Teléfono', 1957.00, 1),
(31, '2021-04-25', '3', 'ADT', 2219.00, 1),
(32, '2021-04-12', '1', 'Ingresos Brutos', 1353.00, 1),
(33, '2021-04-14', '1', 'Infu', 710.00, 1),
(34, '2021-04-14', '1', 'Interwisp', 1210.00, 1),
(35, '2021-04-06', '3', 'Luz casa', 611.00, 1),
(36, '2021-04-14', '1', 'Visa Gcia', 19029.00, 1),
(37, '2021-04-12', '1', 'Visa Pcia', 14896.00, 1),
(38, '2021-04-13', '1', 'Mastercard', 1852.00, 1),
(39, '2021-04-13', '3', 'Seguro Auto', 3124.00, 1),
(40, '2021-04-12', '1', 'Directv', 3205.00, 1),
(41, '2021-04-24', '2', 'Amonio', 3052.00, 1),
(42, '2021-05-07', '2', 'Sueldo Abril Estefanía', 12600.00, 1),
(43, '2021-05-07', '2', 'Sueldo Abril Antú', 8400.00, 1),
(44, '2021-05-07', '2', 'Sueldo Abril Sol', 17800.00, 1),
(45, '2021-05-07', '2', 'Sueldo Abril Sofía', 20100.00, 1),
(46, '2021-05-07', '2', 'Sueldo Abril Belén', 8400.00, 1),
(47, '2021-05-07', '2', 'Sueldo Abril Victoria', 8400.00, 1),
(48, '2021-05-07', '2', 'Sueldo Abril Antonella', 2100.00, 1),
(49, '2021-05-07', '2', 'Alquiler Mayo', 32500.00, 1),
(50, '2021-06-07', '2', 'Sueldo Mayo Estefanía', 12600.00, 1),
(51, '2021-06-07', '2', 'Sueldo Mayo Antú', 8400.00, 1),
(52, '2021-06-07', '2', 'Sueldo Mayo Sol', 16800.00, 1),
(53, '2021-06-07', '2', 'Sueldo Mayo Sofía', 19600.00, 1),
(54, '2021-06-07', '2', 'Sueldo Mayo Rocío', 8400.00, 1),
(55, '2021-06-07', '2', 'Sueldo Mayo Vicky', 8400.00, 1),
(56, '2021-06-07', '2', 'Sueldo Mayo Antonella', 2100.00, 1),
(57, '2021-06-04', '1', 'Mastercard', 1653.00, 1),
(58, '2021-06-10', '1', 'Visa Pcia', 27223.00, 1),
(59, '2021-06-10', '1', 'Visa Gcia', 8296.00, 1),
(60, '2021-07-08', '2', 'Alquiler Julio', 32500.00, 1),
(61, '2021-07-07', '2', 'Sueldo Junio Vicky', 8400.00, 1),
(62, '2021-07-07', '2', 'Sueldo Junio Rocío', 8400.00, 1),
(63, '2021-07-07', '2', 'Sueldo Junio Antú', 8400.00, 1),
(64, '2021-07-07', '2', 'Sueldo Junio Estefanía', 12600.00, 1),
(65, '2021-07-07', '2', 'Sueldo Junio Sol', 14500.00, 1),
(66, '2021-07-07', '1', 'Sueldo Junio Sofía', 20800.00, 1),
(67, '2021-07-07', '2', 'Sueldo Junio Antonella', 3850.00, 1),
(68, '2021-07-11', '1', 'Pago Cuota 1 O.F.', 35000.00, 1),
(69, '2021-07-14', '3', 'Teléfono Wg', 1672.00, 1),
(70, '2021-07-21', '1', 'Pago a D.A. - R 25600', 10000.00, 1),
(71, '2021-08-09', '2', 'Sueldo Julio Rocío', 8400.00, 1),
(72, '2021-08-06', '1', 'Sueldo Julio Vicky', 8400.00, 1),
(73, '2021-08-09', '2', 'Sueldo Julio Antú', 8400.00, 1),
(74, '2021-08-09', '2', 'Sueldo Julio Estefanía', 12600.00, 1),
(75, '2021-08-09', '1', 'Sueldo Julio Sol', 14500.00, 1),
(76, '2021-08-09', '1', 'Sueldo Julio Sofía', 21150.00, 1),
(77, '2021-08-09', '2', 'Sueldo Julio Antonella', 7350.00, 1),
(78, '2021-08-09', '2', 'Alquiler Agosto', 32500.00, 1);

-- --------------------------------------------------------

--
-- Estructura de tabla para la tabla `libros`
--

CREATE TABLE `libros` (
  `id_libro` int(11) NOT NULL,
  `nombre` varchar(255) DEFAULT NULL,
  `autor` varchar(255) DEFAULT NULL,
  `editora` varchar(255) DEFAULT NULL,
  `activo` int(2) DEFAULT NULL
) ENGINE=InnoDB DEFAULT CHARSET=utf8 ROW_FORMAT=DYNAMIC;

--
-- Volcado de datos para la tabla `libros`
--

INSERT INTO `libros` (`id_libro`, `nombre`, `autor`, `editora`, `activo`) VALUES
(9, 'THINK 1', '', '', 1),
(10, 'ENGLISH FILE PRE-INTERMEDIATE', '', '', 1),
(11, 'CLOSE-UP B1+', '', '', 1),
(12, 'CLOSE-UP B2', '', '', 1),
(13, 'THINK 2', '', '', 1),
(14, 'THINK 3', '', '', 1),
(15, 'SPEAKOUT ADVANCED', '', '', 1),
(16, 'ENGLISH FILE ELEMENTARY', '', '', 1),
(17, 'FAMILY & FRIENDS 1', '', '', 1),
(18, 'FAMILY & FRIENDS 2 ', '', '', 1),
(19, 'FAMILY & FRIENDS 3', '', '', 1),
(20, 'EXPERT IELTS BAND 5', '', '', 1),
(21, 'CLOSE-UP C1', '', '', 1);

-- --------------------------------------------------------

--
-- Estructura de tabla para la tabla `medios_pago`
--

CREATE TABLE `medios_pago` (
  `id_medio` int(255) NOT NULL,
  `medio_pago` varchar(255) DEFAULT NULL
) ENGINE=InnoDB DEFAULT CHARSET=utf8 ROW_FORMAT=DYNAMIC;

--
-- Volcado de datos para la tabla `medios_pago`
--

INSERT INTO `medios_pago` (`id_medio`, `medio_pago`) VALUES
(1, 'CONTADO'),
(2, 'TRANSFERENCIA'),
(3, 'MERCADOPAGO');

-- --------------------------------------------------------

--
-- Estructura de tabla para la tabla `pagos`
--

CREATE TABLE `pagos` (
  `id_pago` int(11) NOT NULL,
  `fecha` date DEFAULT NULL,
  `medio` int(255) DEFAULT NULL,
  `id_alumno` int(11) DEFAULT NULL,
  `id_cc` int(255) DEFAULT NULL,
  `fecha_clase` date DEFAULT NULL,
  `cant_horas` int(255) DEFAULT NULL
) ENGINE=InnoDB DEFAULT CHARSET=utf8 ROW_FORMAT=DYNAMIC;

--
-- Volcado de datos para la tabla `pagos`
--

INSERT INTO `pagos` (`id_pago`, `fecha`, `medio`, `id_alumno`, `id_cc`, `fecha_clase`, `cant_horas`) VALUES
(30, '2021-03-06', 1, 107, 292, NULL, NULL),
(31, '2021-03-06', 1, 108, 303, NULL, NULL),
(32, '2021-03-02', 2, 109, 315, NULL, NULL),
(33, '2021-03-08', 2, 114, 369, NULL, NULL),
(34, '2021-03-08', 2, 114, 370, NULL, NULL),
(35, '2021-03-09', 1, 137, 617, NULL, NULL),
(36, '2021-03-09', 1, 137, 618, NULL, NULL),
(37, '2021-03-08', 1, 152, 782, NULL, NULL),
(38, '2021-03-08', 1, 152, 783, NULL, NULL),
(39, '2021-03-08', 1, 153, 793, NULL, NULL),
(40, '2021-03-08', 1, 153, 794, NULL, NULL),
(41, '2021-03-08', 2, 149, 750, NULL, NULL),
(42, '2021-03-12', 2, 142, 673, NULL, NULL),
(43, '2021-03-12', 2, 141, 662, NULL, NULL),
(44, '2021-03-05', 2, 142, 672, NULL, NULL),
(45, '2021-03-05', 2, 141, 661, NULL, NULL),
(46, '2021-03-09', 1, 122, 458, NULL, NULL),
(47, '2021-03-05', 1, 111, 337, NULL, NULL),
(48, '2021-03-09', 1, 112, 348, NULL, NULL),
(49, '2021-03-04', 1, 133, 574, NULL, NULL),
(50, '2021-03-09', 1, 154, 805, NULL, NULL),
(51, '2021-03-05', 1, 154, 804, NULL, NULL),
(52, '2021-03-08', 1, 147, 727, NULL, NULL),
(53, '2021-03-09', 1, 147, 728, NULL, NULL),
(54, '2021-03-03', 1, 146, 716, NULL, NULL),
(55, '2021-03-09', 1, 146, 717, NULL, NULL),
(56, '2021-03-08', 1, 165, 928, NULL, NULL),
(57, '2020-12-15', 1, 165, 927, NULL, NULL),
(58, '2021-03-09', 1, 108, 304, NULL, NULL),
(59, '2021-03-04', 2, 123, 469, NULL, NULL),
(60, '2020-12-20', 1, 123, 468, NULL, NULL),
(61, '2021-03-04', 1, 145, 705, NULL, NULL),
(62, '2021-03-04', 1, 145, 706, NULL, NULL),
(63, '2021-03-09', 1, 131, 551, NULL, NULL),
(64, '2021-03-09', 1, 131, 552, NULL, NULL),
(65, '2021-03-09', 1, 132, 562, NULL, NULL),
(66, '2021-03-09', 1, 132, 563, NULL, NULL),
(67, '2021-03-08', 1, 158, 848, NULL, NULL),
(68, '2021-03-08', 1, 158, 849, NULL, NULL),
(69, '2021-03-08', 2, 135, 595, NULL, NULL),
(70, '2021-03-08', 2, 135, 596, NULL, NULL),
(71, '2021-02-26', 1, 128, 518, NULL, NULL),
(72, '2021-02-26', 1, 128, 519, NULL, NULL),
(73, '2021-03-08', 1, 107, 293, NULL, NULL),
(74, '2021-03-08', 1, 148, 738, NULL, NULL),
(75, '2021-03-08', 1, 148, 739, NULL, NULL),
(76, '2021-03-03', 1, 144, 694, NULL, NULL),
(77, '2021-03-03', 1, 144, 695, NULL, NULL),
(78, '2020-12-20', 1, 117, 402, NULL, NULL),
(79, '2021-03-10', 1, 117, 403, NULL, NULL),
(80, '2021-03-01', 1, 119, 424, NULL, NULL),
(81, '2021-03-01', 1, 118, 413, NULL, NULL),
(82, '2021-03-01', 1, 119, 425, NULL, NULL),
(83, '2021-03-01', 1, 118, 414, NULL, NULL),
(84, '2021-03-03', 1, 157, 837, NULL, NULL),
(85, '2021-03-03', 1, 157, 838, NULL, NULL),
(86, '2021-03-03', 1, 156, 826, NULL, NULL),
(87, '2021-03-03', 1, 156, 827, NULL, NULL),
(88, '2021-03-02', 1, 151, 771, NULL, NULL),
(89, '2021-03-02', 2, 151, 772, NULL, NULL),
(90, '2021-02-26', 1, 126, 496, NULL, NULL),
(91, '2021-02-26', 1, 127, 507, NULL, NULL),
(92, '2021-02-26', 1, 126, 497, NULL, NULL),
(93, '2021-02-26', 1, 127, 508, NULL, NULL),
(94, '2021-03-15', 1, 125, 486, NULL, NULL),
(95, '2021-03-03', 1, 125, 485, NULL, NULL),
(96, '2021-03-18', 1, 160, 871, NULL, NULL),
(98, '2021-03-08', 1, 159, 860, NULL, NULL),
(99, '2021-03-05', 1, 160, 870, NULL, NULL),
(100, '2021-03-05', 1, 159, 859, NULL, NULL),
(102, '2021-03-19', 1, 129, 530, NULL, NULL),
(103, '2021-03-19', 1, 130, 541, NULL, NULL),
(104, '2021-03-19', 1, 124, 479, NULL, NULL),
(107, '2021-03-19', 1, 124, 938, NULL, NULL),
(108, '2021-03-08', 1, 150, 760, NULL, NULL),
(109, '2021-03-22', 1, 166, 943, NULL, NULL),
(110, '2021-03-22', 2, 166, 944, NULL, NULL),
(111, '2021-03-22', 1, 143, 683, NULL, NULL),
(112, '2021-03-22', 1, 143, 684, NULL, NULL),
(113, '2021-03-22', 1, 167, 954, NULL, NULL),
(115, '2021-03-22', 1, 167, 955, NULL, NULL),
(116, '2020-12-15', 1, 167, 954, NULL, NULL),
(117, '2021-03-22', 1, 134, 585, NULL, NULL),
(118, '2021-03-08', 1, 134, 584, NULL, NULL),
(119, '2021-03-23', 1, 168, 966, NULL, NULL),
(120, '2021-03-08', 1, 168, 965, NULL, NULL),
(121, '2021-03-23', 1, 140, 651, NULL, NULL),
(122, '2021-03-23', 1, 140, 650, NULL, NULL),
(123, '2021-03-25', 1, 155, 816, NULL, NULL),
(124, '2021-03-25', 1, 162, 893, NULL, NULL),
(125, '2021-03-23', 1, 136, 606, NULL, NULL),
(126, '2021-03-23', 1, 136, 607, NULL, NULL),
(127, '2021-03-25', 1, 169, 976, NULL, NULL),
(128, '2021-03-25', 1, 169, 977, NULL, NULL),
(129, '2021-03-25', 2, 113, 358, NULL, NULL),
(130, '2021-03-25', 2, 113, 359, NULL, NULL),
(131, '2020-12-15', 1, 116, 391, NULL, NULL),
(132, '2021-03-26', 2, 116, 392, NULL, NULL),
(133, '2021-03-26', 1, 129, 529, NULL, NULL),
(134, '2021-03-26', 1, 130, 540, NULL, NULL),
(135, '2021-03-26', 1, 139, 640, NULL, NULL),
(136, '2021-03-26', 1, 115, 381, NULL, NULL),
(137, '2021-03-26', 2, 170, 988, NULL, NULL),
(138, '2021-03-29', 3, 173, 1018, NULL, NULL),
(139, '2021-03-29', 3, 173, 1019, NULL, NULL),
(140, '2021-04-05', 2, 157, 839, NULL, NULL),
(141, '2021-04-05', 2, 156, 828, NULL, NULL),
(142, '2021-04-06', 2, 114, 371, NULL, NULL),
(143, '2021-04-07', 2, 166, 945, NULL, NULL),
(144, '2021-04-07', 2, 123, 470, NULL, NULL),
(145, '2021-04-05', 2, 110, 326, NULL, NULL),
(146, '2021-04-05', 2, 151, 773, NULL, NULL),
(148, '2021-04-09', 2, 135, 597, NULL, NULL),
(149, '2021-03-08', 1, 175, 1038, NULL, NULL),
(150, '2021-04-09', 2, 175, 1039, NULL, NULL),
(151, '2021-04-10', 2, 143, 685, NULL, NULL),
(153, '2021-04-12', 2, 109, 316, NULL, NULL),
(154, '2021-03-15', 1, 177, 1058, NULL, NULL),
(155, '2021-04-11', 2, 177, 1059, NULL, NULL),
(156, '2021-04-11', 2, 136, 608, NULL, NULL),
(157, '2021-04-11', 2, 140, 652, NULL, NULL),
(158, '2021-03-30', 1, 178, 1068, NULL, NULL),
(159, '2021-04-11', 2, 178, 1069, NULL, NULL),
(160, '2021-04-12', 2, 113, 360, NULL, NULL),
(161, '2021-04-13', 1, 122, 459, NULL, NULL),
(162, '2021-04-13', 1, 174, 1028, NULL, NULL),
(163, '2021-04-13', 1, 174, 1029, NULL, NULL),
(164, '2021-04-13', 3, 111, 338, NULL, NULL),
(165, '2021-03-08', 1, 180, 1088, NULL, NULL),
(166, '2021-04-13', 1, 180, 1089, NULL, NULL),
(167, '2021-04-13', 1, 112, 349, NULL, NULL),
(168, '2021-04-14', 2, 164, 917, NULL, NULL),
(169, '2021-04-14', 1, 144, 696, NULL, NULL),
(170, '2021-04-14', 1, 158, 850, NULL, NULL),
(171, '2021-04-14', 2, 182, 1108, NULL, NULL),
(172, '2021-04-14', 2, 183, 1118, NULL, NULL),
(173, '2021-04-14', 2, 181, 1098, NULL, NULL),
(174, '2021-04-14', 2, 182, 1109, NULL, NULL),
(175, '2021-04-14', 2, 183, 1119, NULL, NULL),
(176, '2021-04-14', 2, 181, 1099, NULL, NULL),
(177, '2021-04-14', 1, 134, 586, NULL, NULL),
(178, '2021-04-14', 1, 117, 404, NULL, NULL),
(179, '2021-04-14', 1, 184, 1129, NULL, NULL),
(180, '2021-04-14', 1, 185, 1138, NULL, NULL),
(181, '2021-04-14', 1, 168, 967, NULL, NULL),
(182, '2021-04-14', 1, 185, 1139, NULL, NULL),
(183, '2021-04-14', 2, 133, 575, NULL, NULL),
(184, '2021-04-14', 1, 148, 740, NULL, NULL),
(185, '2021-04-14', 1, 145, 707, NULL, NULL),
(186, '2021-04-14', 1, 146, 718, NULL, NULL),
(187, '2021-04-14', 1, 133, 573, NULL, NULL),
(188, '2021-04-15', 1, 186, 1148, NULL, NULL),
(189, '2021-04-15', 1, 118, 415, NULL, NULL),
(190, '2021-04-15', 1, 119, 426, NULL, NULL),
(191, '2021-04-15', 1, 115, 382, NULL, NULL),
(192, '2021-04-15', 1, 108, 305, NULL, NULL),
(194, '2021-03-18', 1, 160, 871, NULL, NULL),
(195, '2021-04-16', 1, 160, 872, NULL, NULL),
(196, '2021-04-16', 1, 159, 861, NULL, NULL),
(197, '2021-04-16', 1, 152, 784, NULL, NULL),
(198, '2021-04-16', 1, 153, 795, NULL, NULL),
(199, '2021-04-16', 1, 129, 531, NULL, NULL),
(200, '2021-04-16', 1, 130, 542, NULL, NULL),
(201, '2021-04-16', 1, 147, 729, NULL, NULL),
(202, '2021-04-16', 1, 179, 1078, NULL, NULL),
(203, '2021-04-16', 1, 179, 1079, NULL, NULL),
(204, '2021-04-16', 1, 139, 641, NULL, NULL),
(205, '2021-04-19', 2, 149, 751, NULL, NULL),
(206, '2021-04-19', 1, 128, 520, NULL, NULL),
(207, '2021-04-19', 1, 187, 1159, NULL, NULL),
(208, '2021-04-15', 2, 176, 1048, NULL, NULL),
(209, '2021-04-15', 2, 176, 1049, NULL, NULL),
(210, '2021-04-20', 1, 172, 1008, NULL, NULL),
(211, '2021-04-20', 1, 172, 1009, NULL, NULL),
(212, '2021-03-08', 1, 188, 1169, NULL, NULL),
(213, '2021-03-08', 1, 188, 1168, NULL, NULL),
(214, '2021-04-20', 1, 188, 1170, NULL, NULL),
(215, '2021-04-14', 2, 137, 619, NULL, NULL),
(216, '2010-04-20', 1, 161, 882, NULL, NULL),
(217, '2021-04-20', 1, 161, 883, NULL, NULL),
(218, '2021-04-21', 2, 142, 674, NULL, NULL),
(219, '2021-04-21', 2, 141, 663, NULL, NULL),
(220, '2021-04-21', 2, 125, 487, NULL, NULL),
(223, '2021-04-23', 3, 190, 1191, NULL, NULL),
(224, '2021-04-23', 3, 190, 1191, NULL, NULL),
(225, '2021-04-23', 1, 186, 1149, NULL, NULL),
(226, '2021-04-26', 2, 116, 393, NULL, NULL),
(227, '2021-04-26', 1, 126, 498, NULL, NULL),
(228, '2021-04-26', 1, 127, 509, NULL, NULL),
(229, '2021-04-27', 1, 107, 294, NULL, NULL),
(230, '2021-03-27', 2, 120, 436, NULL, NULL),
(231, '2021-04-27', 2, 120, 437, NULL, NULL),
(232, '2020-12-15', 1, 120, 435, NULL, NULL),
(233, '2021-04-28', 1, 189, 1179, NULL, NULL),
(234, '2021-04-28', 1, 189, 1180, NULL, NULL),
(235, '2021-04-30', 1, 121, 446, NULL, NULL),
(236, '2021-04-30', 3, 121, 447, NULL, NULL),
(237, '2021-04-30', 3, 121, 448, NULL, NULL),
(238, '2021-04-30', 3, 121, 449, NULL, NULL),
(239, '2021-05-03', 2, 157, 840, NULL, NULL),
(240, '2021-05-03', 2, 156, 829, NULL, NULL),
(241, '2021-04-22', 2, 171, 999, NULL, NULL),
(242, '2021-05-04', 2, 171, 1000, NULL, NULL),
(243, '2021-04-22', 2, 171, 998, NULL, NULL),
(244, '2021-05-05', 2, 191, 1201, NULL, NULL),
(245, '2021-05-05', 2, 191, 1202, NULL, NULL),
(246, '2021-05-05', 1, 128, 521, NULL, NULL),
(247, '2021-05-05', 1, 144, 697, NULL, NULL),
(248, '2021-05-05', 1, 134, 587, NULL, NULL),
(249, '2021-05-05', 1, 174, 1030, NULL, NULL),
(250, '2021-05-05', 2, 192, 1210, NULL, NULL),
(251, '2021-05-05', 2, 192, 1211, NULL, NULL),
(252, '2021-05-05', 2, 133, 576, NULL, NULL),
(253, '2021-05-05', 2, 143, 686, NULL, NULL),
(254, '2021-04-20', 2, 143, 685, NULL, NULL),
(255, '2021-05-06', 2, 166, 946, NULL, NULL),
(257, '2021-05-06', 2, 114, 372, NULL, NULL),
(258, '2021-05-06', 1, 122, 460, NULL, NULL),
(259, '2021-05-06', 1, 185, 1140, NULL, NULL),
(260, '2021-05-06', 1, 168, 968, NULL, NULL),
(261, '2021-05-06', 1, 193, 1220, NULL, NULL),
(262, '2021-05-06', 1, 193, 1221, NULL, NULL),
(263, '2021-05-06', 1, 193, 1222, NULL, NULL),
(264, '2021-05-07', 1, 152, 785, NULL, NULL),
(265, '2021-05-07', 1, 153, 796, NULL, NULL),
(266, '2021-05-07', 1, 160, 873, NULL, NULL),
(267, '2021-05-07', 1, 159, 862, NULL, NULL),
(268, '2021-05-07', 1, 111, 339, NULL, NULL),
(269, '2021-05-07', 2, 126, 499, NULL, NULL),
(270, '2021-05-07', 2, 127, 510, NULL, NULL),
(271, '2021-05-10', 1, 180, 1090, NULL, NULL),
(272, '2021-05-10', 1, 108, 306, NULL, NULL),
(273, '2021-05-10', 1, 172, 1010, NULL, NULL),
(274, '2021-05-10', 1, 112, 350, NULL, NULL),
(275, '2021-05-10', 1, 117, 405, NULL, NULL),
(276, '2021-05-10', 1, 148, 741, NULL, NULL),
(277, '2021-05-10', 2, 188, 1171, NULL, NULL),
(278, '2021-05-10', 2, 176, 1050, NULL, NULL),
(279, '2021-05-12', 1, 194, 1230, NULL, NULL),
(280, '2021-05-12', 1, 194, 1231, NULL, NULL),
(281, '2021-05-12', 1, 189, 1181, NULL, NULL),
(282, '2021-05-12', 1, 167, 956, NULL, NULL),
(283, '2021-05-12', 1, 167, 957, NULL, NULL),
(284, '2021-05-13', 1, 195, 1239, NULL, NULL),
(285, '2021-05-13', 1, 195, 1240, NULL, NULL),
(286, '2021-05-14', 1, 147, 730, NULL, NULL),
(287, '2021-05-14', 1, 139, 642, NULL, NULL),
(288, '2021-05-14', 1, 130, 543, NULL, NULL),
(289, '2021-05-14', 1, 129, 532, NULL, NULL),
(290, '2021-05-17', 2, 182, 1110, NULL, NULL),
(291, '2021-05-17', 2, 183, 1120, NULL, NULL),
(292, '2021-05-17', 2, 181, 1100, NULL, NULL),
(293, '2021-03-08', 1, 197, 1260, NULL, NULL),
(294, '2021-04-08', 1, 197, 1261, NULL, NULL),
(295, '2021-05-15', 1, 197, 1262, NULL, NULL),
(296, '2021-03-08', 1, 196, 1249, NULL, NULL),
(297, '2021-04-08', 1, 196, 1250, NULL, NULL),
(298, '2021-04-08', 1, 196, 1250, NULL, NULL),
(299, '2021-05-15', 1, 196, 1251, NULL, NULL),
(300, '2021-05-17', 2, 163, 908, NULL, NULL),
(301, '2021-04-15', 2, 163, 906, NULL, NULL),
(302, '2021-04-15', 2, 163, 907, NULL, NULL),
(303, '2021-05-18', 1, 124, 939, NULL, NULL),
(304, '2021-05-18', 1, 124, 940, NULL, NULL),
(305, '2021-04-16', 3, 155, 817, NULL, NULL),
(306, '2021-05-19', 1, 155, 818, NULL, NULL),
(307, '2021-05-19', 1, 184, 1130, NULL, NULL),
(308, '2021-05-21', 2, 125, 488, NULL, NULL),
(309, '2021-05-14', 2, 149, 752, NULL, NULL),
(310, '2021-05-14', 2, 175, 1040, NULL, NULL),
(311, '2021-05-21', 1, 186, 1150, NULL, NULL),
(312, '2021-05-21', 2, 137, 620, NULL, NULL),
(313, '2021-05-21', 1, 198, 1270, NULL, NULL),
(314, '2021-05-21', 1, 198, 1271, NULL, NULL),
(315, '2021-05-26', 1, 199, 1279, NULL, NULL),
(316, '2021-05-26', 1, 199, 1280, NULL, NULL),
(317, '2021-05-28', 1, 158, 851, NULL, NULL),
(318, '2021-05-28', 1, 161, 884, NULL, NULL),
(319, '2021-05-26', 1, 142, 675, NULL, NULL),
(320, '2021-05-26', 1, 141, 664, NULL, NULL),
(321, '2021-05-31', 1, 190, 1192, NULL, NULL),
(322, '2021-05-31', 1, 190, 1193, NULL, NULL),
(323, '2021-06-02', 2, 111, 340, NULL, NULL),
(324, '2021-06-03', 2, 143, 687, NULL, NULL),
(325, '2021-05-28', 2, 164, 918, NULL, NULL),
(326, '2021-06-03', 2, 133, 577, NULL, NULL),
(327, '2021-05-08', 2, 179, 1080, NULL, NULL),
(328, '2021-05-29', 2, 116, 394, NULL, NULL),
(329, '2021-06-03', 2, 145, 708, NULL, NULL),
(330, '2021-06-03', 2, 145, 709, NULL, NULL),
(331, '2021-05-06', 2, 113, 361, NULL, NULL),
(332, '2021-04-16', 2, 170, 989, NULL, NULL),
(333, '2021-05-14', 2, 170, 990, NULL, NULL),
(334, '2021-05-05', 2, 109, 317, NULL, NULL),
(335, '2021-06-05', 2, 179, 1081, NULL, NULL),
(336, '2021-06-03', 2, 192, 1212, NULL, NULL),
(337, '2021-06-01', 1, 148, 742, NULL, NULL),
(338, '2021-06-01', 2, 119, 427, NULL, NULL),
(339, '2021-06-01', 2, 119, 428, NULL, NULL),
(340, '2021-06-01', 2, 118, 416, NULL, NULL),
(341, '2021-06-01', 2, 118, 417, NULL, NULL),
(342, '2021-06-01', 2, 171, 1001, NULL, NULL),
(343, '2021-05-05', 2, 177, 1060, NULL, NULL),
(344, '2021-06-01', 2, 177, 1061, NULL, NULL),
(345, '2021-05-05', 2, 136, 609, NULL, NULL),
(346, '2021-06-01', 2, 136, 610, NULL, NULL),
(347, '2021-05-05', 2, 140, 653, NULL, NULL),
(348, '2021-06-01', 2, 140, 654, NULL, NULL),
(349, '2021-05-05', 2, 178, 1070, NULL, NULL),
(350, '2021-06-01', 2, 178, 1071, NULL, NULL),
(351, '2021-05-06', 2, 166, 946, NULL, NULL),
(352, '2021-06-01', 2, 166, 947, NULL, NULL),
(353, '2021-06-01', 2, 157, 841, NULL, NULL),
(354, '2021-06-01', 2, 156, 830, NULL, NULL),
(355, '2021-04-05', 2, 151, 773, NULL, NULL),
(356, '2021-05-03', 2, 151, 774, NULL, NULL),
(357, '2021-06-02', 2, 151, 775, NULL, NULL),
(358, '2021-06-03', 2, 126, 500, NULL, NULL),
(359, '2021-06-03', 2, 127, 511, NULL, NULL),
(360, '2021-05-12', 2, 120, 438, NULL, NULL),
(361, '2021-05-06', 1, 146, 719, NULL, NULL),
(362, '2021-05-21', 1, 123, 471, NULL, NULL),
(363, '2021-06-06', 2, 114, 373, NULL, NULL),
(364, '2021-06-07', 2, 123, 472, NULL, NULL),
(365, '2021-06-09', 1, 201, 1297, NULL, NULL),
(366, '2021-06-09', 1, 201, 1298, NULL, NULL),
(367, '2021-03-08', 1, 202, 1305, NULL, NULL),
(368, '2021-03-08', 1, 202, 1305, NULL, NULL),
(369, '2021-03-08', 1, 202, 1306, NULL, NULL),
(370, '2021-04-19', 1, 202, 1307, NULL, NULL),
(371, '2021-06-08', 1, 202, 1308, NULL, NULL),
(372, '2021-06-08', 1, 202, 1309, NULL, NULL),
(373, '2021-06-08', 1, 168, 969, NULL, NULL),
(374, '2021-06-15', 1, 185, 1141, NULL, NULL),
(375, '2021-06-09', 1, 189, 1182, NULL, NULL),
(376, '2021-06-09', 1, 158, 852, NULL, NULL),
(377, '0000-00-00', 1, 108, 307, NULL, NULL),
(378, '2021-06-09', 1, 160, 874, NULL, NULL),
(379, '2021-06-09', 1, 159, 863, NULL, NULL),
(380, '2021-06-17', 1, 155, 819, NULL, NULL),
(381, '2021-06-17', 1, 206, 1341, NULL, NULL),
(382, '2021-06-10', 1, 174, 1031, NULL, NULL),
(383, '2021-06-10', 1, 117, 406, NULL, NULL),
(385, '2021-06-10', 1, 200, 1290, NULL, NULL),
(386, '2021-06-10', 1, 197, 1263, NULL, NULL),
(387, '2021-06-10', 1, 196, 1252, NULL, NULL),
(388, '2021-06-11', 1, 128, 522, NULL, NULL),
(389, '2021-06-10', 1, 122, 461, NULL, NULL),
(390, '2021-06-17', 1, 147, 731, NULL, NULL),
(391, '2021-06-14', 1, 152, 786, NULL, NULL),
(392, '2021-06-14', 1, 153, 797, NULL, NULL),
(393, '2021-06-15', 1, 144, 698, NULL, NULL),
(394, '2021-06-14', 1, 112, 351, NULL, NULL),
(395, '2021-06-15', 1, 134, 588, NULL, NULL),
(396, '2021-06-15', 1, 139, 643, NULL, NULL),
(397, '2021-06-16', 1, 184, 1131, NULL, NULL),
(398, '2021-06-18', 2, 142, 676, NULL, NULL),
(399, '2021-06-18', 2, 141, 665, NULL, NULL),
(400, '2021-06-10', 2, 175, 1041, NULL, NULL),
(401, '2021-06-18', 1, 186, 1151, NULL, NULL),
(402, '2021-06-14', 2, 137, 621, NULL, NULL),
(403, '2021-06-10', 1, 109, 318, NULL, NULL),
(404, '2021-06-10', 2, 172, 1011, NULL, NULL),
(405, '2021-06-14', 2, 191, 1203, NULL, NULL),
(406, '2021-06-18', 2, 170, 991, NULL, NULL),
(407, '2021-06-15', 1, 120, 439, NULL, NULL),
(408, '2021-06-08', 2, 146, 720, NULL, NULL),
(409, '2021-06-10', 2, 113, 362, NULL, NULL),
(410, '2021-06-09', 2, 176, 1051, NULL, NULL),
(411, '2021-04-15', 3, 169, 978, NULL, NULL),
(412, '2021-05-11', 2, 169, 979, NULL, NULL),
(413, '2021-06-08', 2, 169, 980, NULL, NULL),
(414, '2021-05-21', 2, 135, 598, NULL, NULL),
(415, '2021-06-08', 2, 135, 599, NULL, NULL),
(416, '2021-06-13', 2, 194, 1232, NULL, NULL),
(417, '2021-06-16', 1, 203, 1316, NULL, NULL),
(418, '2021-06-16', 2, 203, 1317, NULL, NULL),
(419, '2021-05-10', 2, 115, 383, NULL, NULL),
(420, '2021-03-08', 1, 115, 380, NULL, NULL),
(421, '2021-06-17', 2, 115, 384, NULL, NULL),
(422, '2021-06-22', 1, 124, 941, NULL, NULL),
(423, '2021-06-22', 1, 195, 1241, NULL, NULL),
(424, '2021-06-23', 2, 125, 489, NULL, NULL),
(425, '2021-06-09', 2, 149, 753, NULL, NULL),
(426, '2021-06-25', 1, 129, 533, NULL, NULL),
(427, '2021-06-25', 1, 130, 544, NULL, NULL),
(428, '2021-06-30', 1, 190, 1194, NULL, NULL),
(430, '2021-06-30', 1, 190, 1194, NULL, NULL),
(431, '2021-06-17', 1, 117, 406, NULL, NULL),
(432, '2021-07-01', 1, 117, 407, NULL, NULL),
(433, '2021-06-28', 2, 172, 1012, NULL, NULL),
(434, '2021-07-02', 2, 166, 948, NULL, NULL),
(435, '2021-07-02', 2, 171, 1002, NULL, NULL),
(436, '2021-05-31', 2, 107, 295, NULL, NULL),
(437, '2021-06-30', 2, 107, 296, NULL, NULL),
(438, '2021-05-21', 2, 173, 1020, NULL, NULL),
(439, '2021-07-02', 2, 126, 501, NULL, NULL),
(440, '2021-07-02', 2, 127, 512, NULL, NULL),
(441, '2021-07-02', 2, 157, 842, NULL, NULL),
(442, '2021-07-02', 2, 156, 831, NULL, NULL),
(443, '2021-07-02', 1, 198, 1272, NULL, NULL),
(444, '2021-07-08', 2, 149, 754, NULL, NULL),
(445, '2021-07-06', 1, 139, 644, NULL, NULL),
(446, '2021-07-06', 1, 116, 395, NULL, NULL),
(447, '2021-07-06', 1, 116, 396, NULL, NULL),
(448, '2021-07-05', 1, 201, 1299, NULL, NULL),
(449, '2021-07-06', 1, 122, 462, NULL, NULL),
(450, '2021-07-07', 1, 108, 308, NULL, NULL),
(451, '2021-07-07', 1, 204, 1326, NULL, NULL),
(452, '2021-07-07', 1, 205, 1334, NULL, NULL),
(453, '2021-07-07', 1, 160, 875, NULL, NULL),
(454, '2021-07-07', 1, 159, 864, NULL, NULL),
(455, '2021-07-07', 1, 189, 1183, NULL, NULL),
(456, '2021-07-06', 1, 146, 721, NULL, NULL),
(457, '2021-07-07', 1, 168, 970, NULL, NULL),
(458, '2021-07-07', 1, 185, 1142, NULL, NULL),
(459, '2021-07-07', 1, 128, 523, NULL, NULL),
(460, '2021-07-07', 1, 203, 1318, NULL, NULL),
(461, '2021-07-07', 1, 155, 820, NULL, NULL),
(462, '2021-07-07', 1, 134, 589, NULL, NULL),
(463, '2021-07-08', 1, 144, 699, NULL, NULL),
(464, '2021-07-07', 1, 133, 578, NULL, NULL),
(465, '2021-07-06', 2, 179, 1082, NULL, NULL),
(466, '2021-07-07', 2, 182, 1111, NULL, NULL),
(467, '2021-07-07', 2, 183, 1121, NULL, NULL),
(468, '2021-07-07', 2, 181, 1101, NULL, NULL),
(469, '2021-07-07', 2, 177, 1062, NULL, NULL),
(470, '2021-07-07', 2, 136, 611, NULL, NULL),
(471, '2021-07-07', 2, 140, 655, NULL, NULL),
(472, '2021-07-07', 2, 178, 1072, NULL, NULL),
(473, '2021-07-07', 2, 111, 341, NULL, NULL),
(474, '2021-07-02', 2, 151, 776, NULL, NULL),
(475, '2021-07-05', 2, 173, 1021, NULL, NULL),
(476, '2021-07-05', 2, 173, 1022, NULL, NULL),
(477, '2021-07-07', 2, 114, 374, NULL, NULL),
(478, '2021-07-08', 1, 198, 1273, NULL, NULL),
(479, '2021-07-13', 1, 152, 787, NULL, NULL),
(480, '2021-07-12', 1, 153, 798, NULL, NULL),
(481, '2021-07-12', 1, 200, 1291, NULL, NULL),
(482, '2021-07-12', 1, 197, 1264, NULL, NULL),
(483, '2021-07-13', 1, 196, 1253, NULL, NULL),
(484, '2021-07-12', 1, 194, 1233, NULL, NULL),
(485, '2021-07-12', 1, 167, 958, NULL, NULL),
(486, '2021-07-12', 1, 167, 959, NULL, NULL),
(487, '2021-06-28', 2, 207, 1349, NULL, NULL),
(488, '2021-07-12', 2, 207, 1350, NULL, NULL),
(489, '2021-07-12', 2, 123, 473, NULL, NULL),
(490, '2021-07-12', 2, 135, 600, NULL, NULL),
(491, '2021-07-12', 2, 191, 1204, NULL, NULL),
(492, '2021-07-13', 1, 112, 352, NULL, NULL),
(493, '2021-07-13', 1, 142, 677, NULL, NULL),
(494, '2021-07-13', 1, 141, 666, NULL, NULL),
(495, '2021-07-13', 1, 120, 440, NULL, NULL),
(496, '2021-07-13', 2, 113, 363, NULL, NULL),
(497, '2021-07-13', 2, 176, 1052, NULL, NULL),
(498, '2021-07-13', 2, 107, 297, NULL, NULL),
(499, '2021-07-14', 1, 119, 429, NULL, NULL),
(500, '2021-07-14', 1, 118, 418, NULL, NULL),
(501, '2021-07-14', 1, 193, 1223, NULL, NULL),
(502, '2021-07-14', 1, 193, 1224, NULL, NULL),
(503, '2021-07-08', 2, 175, 1042, NULL, NULL),
(504, '2021-07-05', 2, 143, 688, NULL, NULL),
(505, '2021-07-05', 1, 192, 1213, NULL, NULL),
(506, '2021-07-20', 1, 148, 743, NULL, NULL),
(507, '2021-07-20', 1, 148, 743, NULL, NULL),
(508, '2021-07-19', 1, 186, 1152, NULL, NULL),
(509, '2021-07-06', 2, 137, 622, NULL, NULL),
(510, '2021-07-15', 1, 109, 319, NULL, NULL),
(511, '2021-07-20', 2, 170, 992, NULL, NULL),
(512, '2021-07-15', 2, 147, 732, NULL, NULL),
(513, '2021-07-14', 1, 145, 710, NULL, NULL),
(514, '2021-07-15', 1, 124, 942, NULL, NULL),
(515, '2021-07-14', 2, 169, 981, NULL, NULL),
(516, '2021-07-14', 2, 169, 981, NULL, NULL),
(517, '2021-07-23', 1, 129, 534, NULL, NULL),
(518, '2021-07-23', 1, 130, 545, NULL, NULL),
(519, '2021-07-23', 1, 195, 1242, NULL, NULL),
(520, '2021-07-23', 1, 208, 1357, NULL, NULL),
(521, '2021-07-30', 3, 121, 450, NULL, NULL),
(522, '2021-07-30', 3, 121, 451, NULL, NULL),
(523, '2021-07-31', 2, 209, 1363, NULL, NULL),
(524, '2021-07-31', 1, 143, 689, NULL, NULL),
(525, '2021-07-31', 1, 109, 320, NULL, NULL),
(526, '2021-08-06', 1, 184, 1132, NULL, NULL),
(527, '2021-08-06', 1, 184, 1133, NULL, NULL),
(528, '2021-08-02', 1, 152, 788, NULL, NULL),
(529, '2021-08-02', 1, 153, 799, NULL, NULL),
(530, '2021-08-06', 1, 174, 1032, NULL, NULL),
(531, '2021-08-06', 1, 174, 1033, NULL, NULL),
(532, '2021-08-04', 1, 133, 579, NULL, NULL),
(533, '2021-08-03', 1, 209, 1364, NULL, NULL),
(534, '2021-08-09', 1, 179, 1083, NULL, NULL),
(535, '2021-08-09', 1, 200, 1292, NULL, NULL),
(536, '2021-08-09', 1, 197, 1265, NULL, NULL),
(537, '2021-08-09', 1, 196, 1254, NULL, NULL),
(538, '2021-08-04', 1, 146, 722, NULL, NULL),
(539, '2021-08-06', 1, 108, 309, NULL, NULL),
(540, '2021-08-06', 1, 204, 1327, NULL, NULL),
(541, '2021-08-06', 1, 205, 1335, NULL, NULL),
(542, '2021-08-04', 2, 125, 490, NULL, NULL),
(543, '2021-08-04', 2, 125, 491, NULL, NULL),
(544, '2021-08-12', 1, 122, 463, NULL, NULL),
(545, '2021-08-10', 1, 112, 353, NULL, NULL),
(546, '2021-08-11', 1, 120, 441, NULL, NULL),
(547, '2021-08-11', 1, 160, 876, NULL, NULL),
(548, '2021-08-11', 1, 159, 865, NULL, NULL),
(549, '2021-08-09', 1, 123, 474, NULL, NULL),
(550, '2021-08-06', 1, 124, 480, NULL, NULL),
(551, '2021-08-12', 1, 210, 1369, NULL, NULL),
(552, '2021-08-04', 1, 192, 1214, NULL, NULL),
(553, '2021-08-06', 1, 158, 853, NULL, NULL),
(554, '2021-08-06', 1, 158, 854, NULL, NULL),
(555, '2021-08-06', 1, 211, 1376, NULL, NULL),
(556, '2021-08-06', 1, 211, 1375, NULL, NULL),
(557, '2021-08-06', 1, 212, 1381, NULL, NULL),
(558, '2021-08-06', 1, 212, 1382, NULL, NULL),
(559, '2021-08-13', 1, 147, 733, NULL, NULL),
(560, '2021-08-13', 1, 139, 645, NULL, NULL),
(561, '2021-08-13', 1, 142, 678, NULL, NULL),
(562, '2021-08-13', 1, 141, 667, NULL, NULL),
(563, '2021-08-13', 1, 201, 1300, NULL, NULL),
(564, '2021-08-10', 1, 213, 1388, NULL, NULL),
(565, '2021-08-10', 1, 189, 1184, NULL, NULL),
(566, '2021-08-06', 1, 148, 744, NULL, NULL),
(567, '2021-08-09', 1, 144, 700, NULL, NULL),
(568, '2021-08-17', 1, 210, 1370, NULL, NULL),
(569, '2021-08-17', 1, 195, 1243, NULL, NULL),
(570, '2021-08-10', 1, 214, 1393, NULL, NULL),
(571, '2021-08-17', 1, 214, 1394, NULL, NULL),
(572, '2021-08-18', 1, 116, 397, NULL, NULL),
(573, '2021-08-09', 1, 134, 590, NULL, NULL),
(574, '2021-08-18', 1, 203, 1319, NULL, NULL),
(575, '2021-08-18', 1, 185, 1143, NULL, NULL),
(576, '2021-08-18', 1, 168, 971, NULL, NULL),
(577, '2021-08-09', 2, 149, 755, NULL, NULL),
(578, '2021-08-06', 2, 111, 342, NULL, NULL),
(579, '2021-07-19', 2, 161, 885, NULL, NULL),
(580, '2021-01-09', 2, 161, 886, NULL, NULL),
(581, '2021-08-09', 2, 175, 1043, NULL, NULL),
(582, '2021-08-05', 2, 137, 623, NULL, NULL),
(583, '2021-08-02', 2, 172, 1013, NULL, NULL),
(584, '2021-08-18', 2, 207, 1351, NULL, NULL),
(585, '2021-08-10', 2, 182, 1112, NULL, NULL),
(586, '2021-08-10', 2, 183, 1122, NULL, NULL),
(587, '2021-08-10', 2, 181, 1102, NULL, NULL),
(588, '2021-08-09', 2, 114, 375, NULL, NULL),
(589, '2021-08-10', 2, 113, 364, NULL, NULL),
(590, '2021-08-11', 2, 176, 1053, NULL, NULL),
(591, '2021-08-03', 2, 169, 982, NULL, NULL),
(592, '2021-08-09', 2, 135, 601, NULL, NULL),
(593, '2021-08-13', 2, 128, 524, NULL, NULL),
(594, '2021-08-13', 2, 115, 386, NULL, NULL),
(595, '2021-07-14', 2, 115, 385, NULL, NULL),
(596, '2021-08-09', 1, 117, 408, NULL, NULL),
(597, '2021-08-09', 1, 119, 430, NULL, NULL),
(598, '2021-08-09', 1, 118, 419, NULL, NULL),
(599, '2021-08-03', 2, 171, 1003, NULL, NULL),
(600, '2021-08-01', 2, 177, 1063, NULL, NULL),
(601, '2021-08-01', 2, 136, 612, NULL, NULL),
(602, '2021-08-01', 2, 140, 656, NULL, NULL),
(603, '2021-08-01', 2, 178, 1073, NULL, NULL),
(604, '2021-08-02', 2, 166, 949, NULL, NULL),
(605, '2021-08-02', 2, 156, 832, NULL, NULL),
(606, '2021-08-02', 2, 151, 777, NULL, NULL),
(607, '2021-08-04', 2, 126, 502, NULL, NULL),
(608, '2021-08-04', 2, 127, 513, NULL, NULL),
(609, '2021-08-20', 1, 155, 821, NULL, NULL),
(610, '2021-08-20', 1, 155, 821, NULL, NULL),
(611, '2021-08-19', 1, 190, 1195, NULL, NULL),
(612, '2021-08-19', 1, 190, 1196, NULL, NULL),
(613, '2021-08-18', 1, 145, 711, NULL, NULL),
(614, '2021-08-23', 1, 215, 1400, NULL, NULL),
(615, '2021-07-14', 1, 215, 1399, NULL, NULL),
(616, '2021-07-14', 1, 216, 1405, NULL, NULL),
(617, '2021-08-23', 2, 216, 1406, NULL, NULL),
(618, '2021-08-27', 1, 208, 1358, NULL, NULL),
(619, '2021-09-02', 1, 193, 1225, NULL, NULL),
(620, '2021-09-02', 1, 193, 1226, NULL, NULL),
(621, '2021-09-06', 1, 152, 789, NULL, NULL),
(622, '2021-09-06', 1, 153, 800, NULL, NULL),
(623, '2021-09-06', 1, 161, 887, NULL, NULL),
(624, '2021-09-06', 1, 161, 888, NULL, NULL),
(625, '2021-09-06', 1, 123, 475, NULL, NULL),
(626, '2021-09-06', 1, 119, 431, NULL, NULL),
(627, '2021-09-06', 1, 118, 420, NULL, NULL),
(628, '2021-09-06', 1, 184, 1134, NULL, NULL),
(629, '2021-09-06', 1, 117, 409, NULL, NULL),
(630, '2021-09-06', 1, 192, 1215, NULL, NULL),
(631, '2021-09-06', 1, 211, 1377, NULL, NULL),
(632, '2021-09-06', 1, 212, 1383, NULL, NULL),
(633, '2021-09-15', 1, 155, 822, NULL, NULL),
(634, '2021-09-07', 1, 213, 1389, NULL, NULL),
(635, '2021-09-07', 1, 189, 1185, NULL, NULL),
(636, '2021-09-09', 1, 160, 877, NULL, NULL),
(637, '2021-09-09', 1, 159, 866, NULL, NULL),
(638, '2021-09-09', 1, 108, 310, NULL, NULL),
(639, '2021-09-09', 1, 204, 1328, NULL, NULL),
(640, '2021-09-09', 1, 205, 1336, NULL, NULL),
(641, '2021-09-09', 1, 174, 1034, NULL, NULL),
(642, '2021-09-09', 1, 200, 1293, NULL, NULL),
(643, '2021-09-09', 1, 197, 1266, NULL, NULL),
(644, '2021-09-09', 1, 196, 1255, NULL, NULL),
(645, '2021-09-09', 1, 147, 734, NULL, NULL),
(646, '2021-09-13', 1, 179, 1084, NULL, NULL),
(647, '2021-09-13', 1, 134, 591, NULL, NULL),
(648, '2021-09-13', 1, 120, 442, NULL, NULL),
(649, '2021-09-13', 1, 185, 1144, NULL, NULL),
(650, '2021-09-13', 1, 168, 972, NULL, NULL),
(651, '2021-09-14', 1, 122, 464, NULL, NULL),
(652, '2021-09-13', 1, 144, 701, NULL, NULL),
(653, '2021-09-13', 1, 144, 701, NULL, NULL),
(654, '2021-09-15', 1, 148, 745, NULL, NULL),
(655, '2021-09-15', 1, 133, 580, NULL, NULL),
(656, '2021-09-15', 1, 146, 723, NULL, NULL),
(657, '2021-10-18', 1, 155, 823, NULL, NULL),
(658, '2021-10-18', 1, 147, 735, NULL, NULL),
(659, '2021-10-18', 1, 161, 889, NULL, NULL),
(660, '2021-10-13', 1, 152, 790, NULL, NULL),
(661, '2021-10-13', 1, 153, 801, NULL, NULL),
(662, '2021-10-05', 1, 122, 465, NULL, NULL),
(663, '2021-09-09', 1, 109, 321, NULL, NULL),
(664, '2021-10-06', 1, 109, 322, NULL, NULL),
(665, '2021-10-06', 1, 174, 1035, NULL, NULL),
(666, '2021-10-06', 1, 133, 581, NULL, NULL),
(667, '2021-10-13', 1, 179, 1085, NULL, NULL),
(668, '2021-10-12', 1, 108, 311, NULL, NULL),
(669, '2021-10-12', 1, 204, 1329, NULL, NULL),
(670, '2021-10-12', 1, 205, 1337, NULL, NULL),
(671, '2021-10-15', 1, 160, 878, NULL, NULL),
(672, '2021-10-15', 1, 159, 867, NULL, NULL),
(673, '2021-10-13', 1, 124, 481, NULL, NULL),
(674, '2021-10-13', 1, 124, 482, NULL, NULL),
(675, '2021-10-05', 1, 185, 1145, NULL, NULL),
(676, '2021-10-05', 1, 168, 973, NULL, NULL),
(677, '2021-10-13', 1, 189, 1186, NULL, NULL),
(678, '2021-10-13', 1, 213, 1390, NULL, NULL),
(679, '2021-10-06', 1, 192, 1216, NULL, NULL),
(680, '2021-10-13', 1, 211, 1378, NULL, NULL),
(681, '2021-10-13', 1, 212, 1384, NULL, NULL),
(682, '2021-10-13', 1, 117, 410, NULL, NULL),
(683, '2021-10-15', 1, 201, 1301, NULL, NULL),
(684, '2021-10-15', 1, 201, 1302, NULL, NULL),
(685, '2021-10-15', 1, 201, 1302, NULL, NULL),
(686, '2021-10-18', 1, 116, 399, NULL, NULL),
(687, '2021-09-15', 1, 116, 398, NULL, NULL),
(688, '2021-10-22', 1, 128, 526, NULL, NULL),
(689, '2021-09-13', 2, 128, 525, NULL, NULL),
(690, '2021-10-22', 1, 129, 535, NULL, NULL),
(691, '2021-09-22', 1, 129, 536, NULL, NULL),
(692, '2021-10-22', 1, 129, 537, NULL, NULL),
(693, '2021-08-18', 1, 130, 546, NULL, NULL),
(694, '2021-09-20', 1, 130, 547, NULL, NULL),
(695, '2021-10-22', 1, 130, 548, NULL, NULL),
(696, '2021-10-21', 1, 184, 1135, NULL, NULL),
(697, '2021-10-21', 1, 158, 856, NULL, NULL),
(698, '2021-10-20', 1, 200, 1294, NULL, NULL),
(699, '2021-10-20', 1, 197, 1267, NULL, NULL),
(700, '2021-10-20', 1, 196, 1256, NULL, NULL),
(701, '2021-10-22', 2, 170, 995, NULL, NULL),
(702, '2021-09-17', 2, 170, 994, NULL, NULL),
(703, '2021-08-20', 2, 170, 993, NULL, NULL),
(704, '2021-10-22', 2, 208, 1360, NULL, NULL),
(705, '2021-10-15', 1, 190, 1197, NULL, NULL),
(706, '2021-09-28', 2, 125, 492, NULL, NULL),
(707, '2021-10-06', 2, 125, 493, NULL, NULL),
(708, '2021-09-01', 2, 149, 756, NULL, NULL),
(709, '2021-10-21', 2, 149, 757, NULL, NULL),
(710, '2021-09-20', 2, 142, 679, NULL, NULL),
(711, '2021-10-21', 2, 142, 680, NULL, NULL),
(712, '2021-09-20', 2, 141, 668, NULL, NULL),
(713, '2021-10-21', 2, 141, 669, NULL, NULL),
(714, '2021-09-20', 2, 217, 1412, NULL, NULL),
(715, '2021-10-21', 2, 217, 1413, NULL, NULL),
(716, '2021-10-25', 1, 120, 443, NULL, NULL),
(717, '2021-10-25', 1, 144, 702, NULL, NULL),
(718, '2021-10-25', 1, 119, 432, NULL, NULL),
(719, '2021-10-25', 1, 118, 421, NULL, NULL),
(720, '2021-08-19', 1, 186, 1153, NULL, NULL),
(721, '2021-09-23', 1, 186, 1154, NULL, NULL),
(722, '2021-10-26', 1, 186, 1155, NULL, NULL),
(723, '2021-10-26', 1, 139, 647, NULL, NULL),
(724, '2021-09-17', 1, 139, 646, NULL, NULL),
(725, '2021-11-02', 1, 122, 466, NULL, NULL),
(726, '2021-11-02', 1, 173, 1025, NULL, NULL),
(727, '2021-11-03', 1, 200, 1295, NULL, NULL),
(728, '2021-11-03', 1, 197, 1268, NULL, NULL),
(729, '2021-11-03', 1, 196, 1257, NULL, NULL),
(730, '2021-11-03', 1, 145, 713, NULL, NULL),
(731, '2021-11-03', 1, 145, 714, NULL, NULL),
(732, '2021-11-03', 1, 146, 725, NULL, NULL),
(733, '2021-10-22', 1, 146, 724, NULL, NULL),
(734, '2021-11-04', 1, 193, 1227, NULL, NULL),
(735, '2021-11-04', 1, 193, 1228, NULL, NULL),
(736, '2021-11-03', 1, 152, 791, NULL, NULL),
(737, '2021-11-03', 1, 153, 802, NULL, NULL),
(738, '2021-10-05', 1, 139, 648, NULL, NULL),
(739, '2021-11-08', 1, 161, 890, NULL, NULL),
(740, '2021-11-10', 1, 133, 582, NULL, NULL),
(741, '2021-11-08', 1, 179, 1086, NULL, NULL),
(742, '2021-11-10', 1, 124, 483, NULL, NULL),
(743, '2021-11-08', 1, 189, 1187, NULL, NULL),
(744, '2021-11-08', 1, 213, 1391, NULL, NULL),
(745, '2021-11-10', 1, 192, 1217, NULL, NULL),
(746, '2021-11-08', 1, 117, 411, NULL, NULL),
(747, '2021-11-05', 1, 201, 1303, NULL, NULL),
(748, '2021-11-12', 1, 160, 879, NULL, NULL),
(749, '2021-11-12', 1, 159, 868, NULL, NULL),
(750, '2021-11-12', 1, 211, 1379, NULL, NULL),
(751, '2021-11-12', 1, 212, 1385, NULL, NULL),
(752, '2021-11-12', 1, 190, 1198, NULL, NULL),
(753, '2021-11-02', 2, 149, 758, NULL, NULL),
(754, '2021-11-08', 2, 141, 670, NULL, NULL),
(755, '2021-11-15', 1, 155, 824, NULL, NULL),
(756, '2021-11-15', 1, 107, 301, NULL, NULL),
(757, '2021-10-21', 1, 107, 299, NULL, NULL),
(758, '2021-10-21', 1, 107, 300, NULL, NULL),
(759, '2021-11-17', 1, 148, 747, NULL, NULL),
(760, '2021-12-06', 1, 152, 792, NULL, NULL),
(761, '2021-12-06', 1, 153, 803, NULL, NULL),
(762, '2021-12-06', 1, 155, 825, NULL, NULL),
(763, '2021-12-06', 1, 211, 1380, NULL, NULL),
(764, '2021-12-06', 1, 212, 1386, NULL, NULL),
(765, '2021-12-06', 1, 218, 1416, NULL, NULL),
(766, '2021-12-13', 1, 144, 704, NULL, NULL),
(767, '2021-11-15', 1, 144, 703, NULL, NULL),
(768, '2021-12-13', 1, 134, 594, NULL, NULL),
(769, '2021-11-08', 1, 134, 593, NULL, NULL),
(770, '2021-10-15', 1, 134, 592, NULL, NULL),
(771, '2021-12-13', 1, 107, 302, NULL, NULL),
(772, '2021-03-10', 1, 190, 1189, NULL, NULL),
(773, '2021-02-10', 1, 190, 1190, NULL, NULL),
(774, '2021-12-10', 1, 190, 1199, NULL, NULL),
(775, '2021-12-10', 1, 190, 1200, NULL, NULL),
(776, '2022-02-14', 2, 219, 2764, NULL, NULL),
(777, '2022-02-15', 1, 220, 2776, NULL, NULL),
(778, '2022-02-15', 1, 221, 2788, NULL, NULL),
(779, '2021-12-06', 1, 152, 1960, NULL, NULL),
(780, '2021-12-06', 1, 152, 1960, NULL, NULL),
(781, '2021-12-06', 1, 153, 1972, NULL, NULL),
(782, '2021-11-15', 2, 125, 1636, NULL, NULL),
(783, '2021-12-15', 2, 141, 1828, NULL, NULL),
(784, '2021-12-10', 1, 139, 1804, NULL, NULL),
(785, '2021-12-07', 1, 122, 1600, NULL, NULL),
(786, '2021-12-13', 1, 161, 2068, NULL, NULL),
(787, '2021-12-06', 1, 175, 2236, NULL, NULL),
(788, '2021-12-07', 2, 172, 2200, NULL, NULL),
(789, '2021-12-15', 1, 133, 1732, NULL, NULL),
(790, '2021-12-22', 1, 193, 2452, NULL, NULL),
(791, '2021-12-14', 1, 120, 1576, NULL, NULL),
(792, '2021-12-13', 1, 200, 2536, NULL, NULL),
(793, '2021-12-13', 1, 197, 2500, NULL, NULL),
(794, '2021-12-13', 1, 196, 2488, NULL, NULL),
(795, '2021-12-09', 1, 108, 1432, NULL, NULL),
(796, '2021-12-09', 1, 204, 2584, NULL, NULL),
(797, '2021-12-09', 1, 205, 2596, NULL, NULL),
(798, '2021-12-21', 1, 145, 1876, NULL, NULL),
(799, '2021-12-13', 1, 168, 2152, NULL, NULL),
(800, '2021-12-13', 1, 192, 2440, NULL, NULL),
(801, '2021-12-14', 1, 211, 2668, NULL, NULL),
(802, '2021-12-14', 1, 212, 2680, NULL, NULL),
(803, '2021-12-14', 1, 213, 2692, NULL, NULL),
(804, '2021-12-15', 1, 134, 1744, NULL, NULL),
(805, '2021-12-02', 1, 171, 2188, NULL, NULL),
(806, '2021-12-13', 1, 201, 2548, NULL, NULL),
(807, '2021-12-01', 1, 156, 2008, NULL, NULL),
(808, '2021-12-03', 2, 126, 1648, NULL, NULL),
(809, '2021-12-03', 2, 127, 1660, NULL, NULL),
(810, '2021-02-17', 1, 222, 2800, NULL, NULL),
(811, '2021-02-17', 1, 222, 2802, NULL, NULL),
(812, '2022-02-17', 1, 223, 2812, NULL, NULL),
(813, '2021-02-17', 1, 223, 2814, NULL, NULL),
(814, '2022-02-15', 1, 139, 1805, NULL, NULL),
(815, '2022-02-17', 1, 174, 2224, NULL, NULL),
(816, '2022-02-23', 2, 115, 1516, NULL, NULL),
(817, '2022-02-23', 2, 115, 1518, NULL, NULL),
(818, '2021-02-24', 2, 149, 1924, NULL, NULL),
(819, '2022-02-24', 1, 199, 2524, NULL, NULL);

-- --------------------------------------------------------

--
-- Estructura de tabla para la tabla `recibos`
--

CREATE TABLE `recibos` (
  `id_recibo` int(255) NOT NULL,
  `id_cc` int(255) DEFAULT NULL,
  `id_alumno` int(11) DEFAULT NULL,
  `nro_recibo` varchar(255) DEFAULT NULL,
  `activo` int(255) DEFAULT NULL,
  `id_pago` int(255) DEFAULT NULL
) ENGINE=InnoDB DEFAULT CHARSET=utf8 ROW_FORMAT=DYNAMIC;

--
-- Volcado de datos para la tabla `recibos`
--

INSERT INTO `recibos` (`id_recibo`, `id_cc`, `id_alumno`, `nro_recibo`, `activo`, `id_pago`) VALUES
(4, 938, 124, NULL, 1, 107),
(5, 760, 150, NULL, 1, 108),
(6, 943, 166, NULL, 1, 109),
(7, 944, 166, NULL, 1, 110),
(8, 683, 143, NULL, 1, 111),
(9, 684, 143, NULL, 1, 112),
(10, 954, 167, NULL, 1, 113),
(11, 954, 167, NULL, 1, 114),
(12, 955, 167, NULL, 1, 115),
(13, 954, 167, NULL, 1, 116),
(14, 585, 134, NULL, 1, 117),
(15, 584, 134, NULL, 1, 118),
(16, 966, 168, NULL, 1, 119),
(17, 965, 168, NULL, 1, 120),
(18, 651, 140, NULL, 1, 121),
(19, 650, 140, NULL, 1, 122),
(20, 816, 155, NULL, 1, 123),
(21, 893, 162, NULL, 1, 124),
(22, 606, 136, NULL, 1, 125),
(23, 607, 136, NULL, 1, 126),
(24, 976, 169, NULL, 1, 127),
(25, 977, 169, NULL, 1, 128),
(26, 358, 113, NULL, 1, 129),
(27, 359, 113, NULL, 1, 130),
(28, 391, 116, NULL, 1, 131),
(29, 392, 116, NULL, 1, 132),
(30, 529, 129, NULL, 1, 133),
(31, 540, 130, NULL, 1, 134),
(32, 640, 139, NULL, 1, 135),
(33, 381, 115, NULL, 1, 136),
(34, 988, 170, NULL, 1, 137),
(35, 1018, 173, NULL, 1, 138),
(36, 1019, 173, NULL, 1, 139),
(37, 839, 157, NULL, 1, 140),
(38, 828, 156, NULL, 1, 141),
(39, 371, 114, NULL, 1, 142),
(40, 945, 166, NULL, 1, 143),
(41, 470, 123, NULL, 1, 144),
(42, 326, 110, NULL, 1, 145),
(43, 773, 151, NULL, 1, 146),
(44, 773, 151, NULL, 1, 147),
(45, 597, 135, NULL, 1, 148),
(46, 1038, 175, NULL, 1, 149),
(47, 1039, 175, NULL, 1, 150),
(48, 685, 143, NULL, 1, 152),
(49, 685, 143, NULL, 1, 151),
(50, 316, 109, NULL, 1, 153),
(51, 1058, 177, NULL, 1, 154),
(52, 1059, 177, NULL, 1, 155),
(53, 608, 136, NULL, 1, 156),
(54, 652, 140, NULL, 1, 157),
(55, 1068, 178, NULL, 1, 158),
(56, 1069, 178, NULL, 1, 159),
(57, 360, 113, NULL, 1, 160),
(58, 459, 122, NULL, 1, 161),
(59, 1028, 174, NULL, 1, 162),
(60, 1029, 174, NULL, 1, 163),
(61, 338, 111, NULL, 1, 164),
(62, 1088, 180, NULL, 1, 165),
(63, 1089, 180, NULL, 1, 166),
(64, 349, 112, NULL, 1, 167),
(65, 917, 164, NULL, 1, 168),
(66, 696, 144, NULL, 1, 169),
(67, 850, 158, NULL, 1, 170),
(68, 1108, 182, NULL, 1, 171),
(69, 1118, 183, NULL, 1, 172),
(70, 1098, 181, NULL, 1, 173),
(71, 1109, 182, NULL, 1, 174),
(72, 1119, 183, NULL, 1, 175),
(73, 1099, 181, NULL, 1, 176),
(74, 586, 134, NULL, 1, 177),
(75, 404, 117, NULL, 1, 178),
(76, 1129, 184, NULL, 1, 179),
(77, 1138, 185, NULL, 1, 180),
(78, 967, 168, NULL, 1, 181),
(79, 1139, 185, NULL, 1, 182),
(80, 575, 133, NULL, 1, 183),
(81, 740, 148, NULL, 1, 184),
(82, 707, 145, NULL, 1, 185),
(83, 718, 146, NULL, 1, 186),
(84, 573, 133, NULL, 1, 187),
(85, 1148, 186, NULL, 1, 188),
(86, 415, 118, NULL, 1, 189),
(87, 426, 119, NULL, 1, 190),
(88, 382, 115, NULL, 1, 191),
(89, 305, 108, NULL, 1, 192),
(90, 871, 160, NULL, 1, 193),
(91, 871, 160, NULL, 1, 194),
(92, 872, 160, NULL, 1, 195),
(93, 861, 159, NULL, 1, 196),
(94, 784, 152, NULL, 1, 197),
(95, 795, 153, NULL, 1, 198),
(96, 531, 129, NULL, 1, 199),
(97, 542, 130, NULL, 1, 200),
(98, 729, 147, NULL, 1, 201),
(99, 1078, 179, NULL, 1, 202),
(100, 1079, 179, NULL, 1, 203),
(101, 641, 139, NULL, 1, 204),
(102, 751, 149, NULL, 1, 205),
(103, 520, 128, NULL, 1, 206),
(104, 1159, 187, NULL, 1, 207),
(105, 1048, 176, NULL, 1, 208),
(106, 1049, 176, NULL, 1, 209),
(107, 1008, 172, NULL, 1, 210),
(108, 1009, 172, NULL, 1, 211),
(109, 1169, 188, NULL, 1, 212),
(110, 1168, 188, NULL, 1, 213),
(111, 1170, 188, NULL, 1, 214),
(112, 619, 137, NULL, 1, 215),
(113, 882, 161, NULL, 1, 216),
(114, 883, 161, NULL, 1, 217),
(115, 674, 142, NULL, 1, 218),
(116, 663, 141, NULL, 1, 219),
(117, 487, 125, NULL, 1, 220),
(118, 1191, 190, NULL, 1, 221),
(119, 1191, 190, NULL, 1, 222),
(120, 1191, 190, NULL, 1, 223),
(121, 1191, 190, NULL, 1, 224),
(122, 1149, 186, NULL, 1, 225),
(123, 393, 116, NULL, 1, 226),
(124, 498, 126, NULL, 1, 227),
(125, 509, 127, NULL, 1, 228),
(126, 294, 107, NULL, 1, 229),
(127, 436, 120, NULL, 1, 230),
(128, 437, 120, NULL, 1, 231),
(129, 435, 120, NULL, 1, 232),
(130, 1179, 189, NULL, 1, 233),
(131, 1180, 189, NULL, 1, 234),
(132, 446, 121, NULL, 1, 235),
(133, 447, 121, NULL, 1, 236),
(134, 448, 121, NULL, 1, 237),
(135, 449, 121, NULL, 1, 238),
(136, 840, 157, NULL, 1, 239),
(137, 829, 156, NULL, 1, 240),
(138, 999, 171, NULL, 1, 241),
(139, 1000, 171, NULL, 1, 242),
(140, 998, 171, NULL, 1, 243),
(141, 1201, 191, NULL, 1, 244),
(142, 1202, 191, NULL, 1, 245),
(143, 521, 128, NULL, 1, 246),
(144, 697, 144, NULL, 1, 247),
(145, 587, 134, NULL, 1, 248),
(146, 1030, 174, NULL, 1, 249),
(147, 1210, 192, NULL, 1, 250),
(148, 1211, 192, NULL, 1, 251),
(149, 576, 133, NULL, 1, 252),
(150, 686, 143, NULL, 1, 253),
(151, 685, 143, NULL, 1, 254),
(152, 946, 166, NULL, 1, 255),
(153, 946, 166, NULL, 1, 256),
(154, 372, 114, NULL, 1, 257),
(155, 460, 122, NULL, 1, 258),
(156, 1140, 185, NULL, 1, 259),
(157, 968, 168, NULL, 1, 260),
(158, 1220, 193, NULL, 1, 261),
(159, 1221, 193, NULL, 1, 262),
(160, 1222, 193, NULL, 1, 263),
(161, 785, 152, NULL, 1, 264),
(162, 796, 153, NULL, 1, 265),
(163, 873, 160, NULL, 1, 266),
(164, 862, 159, NULL, 1, 267),
(165, 339, 111, NULL, 1, 268),
(166, 499, 126, NULL, 1, 269),
(167, 510, 127, NULL, 1, 270),
(168, 1090, 180, NULL, 1, 271),
(169, 306, 108, NULL, 1, 272),
(170, 1010, 172, NULL, 1, 273),
(171, 350, 112, NULL, 1, 274),
(172, 405, 117, NULL, 1, 275),
(173, 741, 148, NULL, 1, 276),
(174, 1171, 188, NULL, 1, 277),
(175, 1050, 176, NULL, 1, 278),
(176, 1230, 194, NULL, 1, 279),
(177, 1231, 194, NULL, 1, 280),
(178, 1181, 189, NULL, 1, 281),
(179, 956, 167, NULL, 1, 282),
(180, 957, 167, NULL, 1, 283),
(181, 1239, 195, NULL, 1, 284),
(182, 1240, 195, NULL, 1, 285),
(183, 730, 147, NULL, 1, 286),
(184, 642, 139, NULL, 1, 287),
(185, 543, 130, NULL, 1, 288),
(186, 532, 129, NULL, 1, 289),
(187, 1110, 182, NULL, 1, 290),
(188, 1120, 183, NULL, 1, 291),
(189, 1100, 181, NULL, 1, 292),
(190, 1260, 197, NULL, 1, 293),
(191, 1261, 197, NULL, 1, 294),
(192, 1262, 197, NULL, 1, 295),
(193, 1249, 196, NULL, 1, 296),
(194, 1250, 196, NULL, 1, 297),
(195, 1250, 196, NULL, 1, 298),
(196, 1251, 196, NULL, 1, 299),
(197, 908, 163, NULL, 1, 300),
(198, 906, 163, NULL, 1, 301),
(199, 907, 163, NULL, 1, 302),
(200, 939, 124, NULL, 1, 303),
(201, 940, 124, NULL, 1, 304),
(202, 817, 155, NULL, 1, 305),
(203, 818, 155, NULL, 1, 306),
(204, 1130, 184, NULL, 1, 307),
(205, 488, 125, NULL, 1, 308),
(206, 752, 149, NULL, 1, 309),
(207, 1040, 175, NULL, 1, 310),
(208, 1150, 186, NULL, 1, 311),
(209, 620, 137, NULL, 1, 312),
(210, 1270, 198, NULL, 1, 313),
(211, 1271, 198, NULL, 1, 314),
(212, 1279, 199, NULL, 1, 315),
(213, 1280, 199, NULL, 1, 316),
(214, 851, 158, NULL, 1, 317),
(215, 884, 161, NULL, 1, 318),
(216, 675, 142, NULL, 1, 319),
(217, 664, 141, NULL, 1, 320),
(218, 1192, 190, NULL, 1, 321),
(219, 1193, 190, NULL, 1, 322),
(220, 340, 111, NULL, 1, 323),
(221, 687, 143, NULL, 1, 324),
(222, 918, 164, NULL, 1, 325),
(223, 577, 133, NULL, 1, 326),
(224, 1080, 179, NULL, 1, 327),
(225, 394, 116, NULL, 1, 328),
(226, 708, 145, NULL, 1, 329),
(227, 709, 145, NULL, 1, 330),
(228, 361, 113, NULL, 1, 331),
(229, 989, 170, NULL, 1, 332),
(230, 990, 170, NULL, 1, 333),
(231, 317, 109, NULL, 1, 334),
(232, 1081, 179, NULL, 1, 335),
(233, 1212, 192, NULL, 1, 336),
(234, 742, 148, NULL, 1, 337),
(235, 427, 119, NULL, 1, 338),
(236, 428, 119, NULL, 1, 339),
(237, 416, 118, NULL, 1, 340),
(238, 417, 118, NULL, 1, 341),
(239, 1001, 171, NULL, 1, 342),
(240, 1060, 177, NULL, 1, 343),
(241, 1061, 177, NULL, 1, 344),
(242, 609, 136, NULL, 1, 345),
(243, 610, 136, NULL, 1, 346),
(244, 653, 140, NULL, 1, 347),
(245, 654, 140, NULL, 1, 348),
(246, 1070, 178, NULL, 1, 349),
(247, 1071, 178, NULL, 1, 350),
(248, 946, 166, NULL, 1, 351),
(249, 947, 166, NULL, 1, 352),
(250, 841, 157, NULL, 1, 353),
(251, 830, 156, NULL, 1, 354),
(252, 773, 151, NULL, 1, 355),
(253, 774, 151, NULL, 1, 356),
(254, 775, 151, NULL, 1, 357),
(255, 500, 126, NULL, 1, 358),
(256, 511, 127, NULL, 1, 359),
(257, 438, 120, NULL, 1, 360),
(258, 719, 146, NULL, 1, 361),
(259, 471, 123, NULL, 1, 362),
(260, 373, 114, NULL, 1, 363),
(261, 472, 123, NULL, 1, 364),
(262, 1297, 201, NULL, 1, 365),
(263, 1298, 201, NULL, 1, 366),
(264, 1305, 202, NULL, 1, 367),
(265, 1305, 202, NULL, 1, 368),
(266, 1306, 202, NULL, 1, 369),
(267, 1307, 202, NULL, 1, 370),
(268, 1308, 202, NULL, 1, 371),
(269, 1309, 202, NULL, 1, 372),
(270, 969, 168, NULL, 1, 373),
(271, 1141, 185, NULL, 1, 374),
(272, 1182, 189, NULL, 1, 375),
(273, 852, 158, NULL, 1, 376),
(274, 307, 108, NULL, 1, 377),
(275, 874, 160, NULL, 1, 378),
(276, 863, 159, NULL, 1, 379),
(277, 819, 155, NULL, 1, 380),
(278, 1341, 206, NULL, 1, 381),
(279, 1031, 174, NULL, 1, 382),
(280, 406, 117, NULL, 1, 383),
(281, 406, 117, NULL, 1, 384),
(282, 1290, 200, NULL, 1, 385),
(283, 1263, 197, NULL, 1, 386),
(284, 1252, 196, NULL, 1, 387),
(285, 522, 128, NULL, 1, 388),
(286, 461, 122, NULL, 1, 389),
(287, 731, 147, NULL, 1, 390),
(288, 786, 152, NULL, 1, 391),
(289, 797, 153, NULL, 1, 392),
(290, 698, 144, NULL, 1, 393),
(291, 351, 112, NULL, 1, 394),
(292, 588, 134, NULL, 1, 395),
(293, 643, 139, NULL, 1, 396),
(294, 1131, 184, NULL, 1, 397),
(295, 676, 142, NULL, 1, 398),
(296, 665, 141, NULL, 1, 399),
(297, 1041, 175, NULL, 1, 400),
(298, 1151, 186, NULL, 1, 401),
(299, 621, 137, NULL, 1, 402),
(300, 318, 109, NULL, 1, 403),
(301, 1011, 172, NULL, 1, 404),
(302, 1203, 191, NULL, 1, 405),
(303, 991, 170, NULL, 1, 406),
(304, 439, 120, NULL, 1, 407),
(305, 720, 146, NULL, 1, 408),
(306, 362, 113, NULL, 1, 409),
(307, 1051, 176, NULL, 1, 410),
(308, 978, 169, NULL, 1, 411),
(309, 979, 169, NULL, 1, 412),
(310, 980, 169, NULL, 1, 413),
(311, 598, 135, NULL, 1, 414),
(312, 599, 135, NULL, 1, 415),
(313, 1232, 194, NULL, 1, 416),
(314, 1316, 203, NULL, 1, 417),
(315, 1317, 203, NULL, 1, 418),
(316, 383, 115, NULL, 1, 419),
(317, 380, 115, NULL, 1, 420),
(318, 384, 115, NULL, 1, 421),
(319, 941, 124, NULL, 1, 422),
(320, 1241, 195, NULL, 1, 423),
(321, 489, 125, NULL, 1, 424),
(322, 753, 149, NULL, 1, 425),
(323, 533, 129, NULL, 1, 426),
(324, 544, 130, NULL, 1, 427),
(325, 1194, 190, NULL, 1, 428),
(326, 1194, 190, NULL, 1, 429),
(327, 1194, 190, NULL, 1, 430),
(328, 406, 117, NULL, 1, 431),
(329, 407, 117, NULL, 1, 432),
(330, 1012, 172, NULL, 1, 433),
(331, 948, 166, NULL, 1, 434),
(332, 1002, 171, NULL, 1, 435),
(333, 295, 107, NULL, 1, 436),
(334, 296, 107, NULL, 1, 437),
(335, 1020, 173, NULL, 1, 438),
(336, 501, 126, NULL, 1, 439),
(337, 512, 127, NULL, 1, 440),
(338, 842, 157, NULL, 1, 441),
(339, 831, 156, NULL, 1, 442),
(340, 1272, 198, NULL, 1, 443),
(341, 754, 149, NULL, 1, 444),
(342, 644, 139, NULL, 1, 445),
(343, 395, 116, NULL, 1, 446),
(344, 396, 116, NULL, 1, 447),
(345, 1299, 201, NULL, 1, 448),
(346, 462, 122, NULL, 1, 449),
(347, 308, 108, NULL, 1, 450),
(348, 1326, 204, NULL, 1, 451),
(349, 1334, 205, NULL, 1, 452),
(350, 875, 160, NULL, 1, 453),
(351, 864, 159, NULL, 1, 454),
(352, 1183, 189, NULL, 1, 455),
(353, 721, 146, NULL, 1, 456),
(354, 970, 168, NULL, 1, 457),
(355, 1142, 185, NULL, 1, 458),
(356, 523, 128, NULL, 1, 459),
(357, 1318, 203, NULL, 1, 460),
(358, 820, 155, NULL, 1, 461),
(359, 589, 134, NULL, 1, 462),
(360, 699, 144, NULL, 1, 463),
(361, 578, 133, NULL, 1, 464),
(362, 1082, 179, NULL, 1, 465),
(363, 1111, 182, NULL, 1, 466),
(364, 1121, 183, NULL, 1, 467),
(365, 1101, 181, NULL, 1, 468),
(366, 1062, 177, NULL, 1, 469),
(367, 611, 136, NULL, 1, 470),
(368, 655, 140, NULL, 1, 471),
(369, 1072, 178, NULL, 1, 472),
(370, 341, 111, NULL, 1, 473),
(371, 776, 151, NULL, 1, 474),
(372, 1021, 173, NULL, 1, 475),
(373, 1022, 173, NULL, 1, 476),
(374, 374, 114, NULL, 1, 477),
(375, 1273, 198, NULL, 1, 478),
(376, 787, 152, NULL, 1, 479),
(377, 798, 153, NULL, 1, 480),
(378, 1291, 200, NULL, 1, 481),
(379, 1264, 197, NULL, 1, 482),
(380, 1253, 196, NULL, 1, 483),
(381, 1233, 194, NULL, 1, 484),
(382, 958, 167, NULL, 1, 485),
(383, 959, 167, NULL, 1, 486),
(384, 1349, 207, NULL, 1, 487),
(385, 1350, 207, NULL, 1, 488),
(386, 473, 123, NULL, 1, 489),
(387, 600, 135, NULL, 1, 490),
(388, 1204, 191, NULL, 1, 491),
(389, 352, 112, NULL, 1, 492),
(390, 677, 142, NULL, 1, 493),
(391, 666, 141, NULL, 1, 494),
(392, 440, 120, NULL, 1, 495),
(393, 363, 113, NULL, 1, 496),
(394, 1052, 176, NULL, 1, 497),
(395, 297, 107, NULL, 1, 498),
(396, 429, 119, NULL, 1, 499),
(397, 418, 118, NULL, 1, 500),
(398, 1223, 193, NULL, 1, 501),
(399, 1224, 193, NULL, 1, 502),
(400, 1042, 175, NULL, 1, 503),
(401, 688, 143, NULL, 1, 504),
(402, 1213, 192, NULL, 1, 505),
(403, 743, 148, NULL, 1, 506),
(404, 743, 148, NULL, 1, 507),
(405, 1152, 186, NULL, 1, 508),
(406, 622, 137, NULL, 1, 509),
(407, 319, 109, NULL, 1, 510),
(408, 992, 170, NULL, 1, 511),
(409, 732, 147, NULL, 1, 512),
(410, 710, 145, NULL, 1, 513),
(411, 942, 124, NULL, 1, 514),
(412, 981, 169, NULL, 1, 515),
(413, 981, 169, NULL, 1, 516),
(414, 534, 129, NULL, 1, 517),
(415, 545, 130, NULL, 1, 518),
(416, 1242, 195, NULL, 1, 519),
(417, 1357, 208, NULL, 1, 520),
(418, 450, 121, NULL, 1, 521),
(419, 451, 121, NULL, 1, 522),
(420, 1363, 209, NULL, 1, 523),
(421, 689, 143, NULL, 1, 524),
(422, 320, 109, NULL, 1, 525),
(423, 1132, 184, NULL, 1, 526),
(424, 1133, 184, NULL, 1, 527),
(425, 788, 152, NULL, 1, 528),
(426, 799, 153, NULL, 1, 529),
(427, 1032, 174, NULL, 1, 530),
(428, 1033, 174, NULL, 1, 531),
(429, 579, 133, NULL, 1, 532),
(430, 1364, 209, NULL, 1, 533),
(431, 1083, 179, NULL, 1, 534),
(432, 1292, 200, NULL, 1, 535),
(433, 1265, 197, NULL, 1, 536),
(434, 1254, 196, NULL, 1, 537),
(435, 722, 146, NULL, 1, 538),
(436, 309, 108, NULL, 1, 539),
(437, 1327, 204, NULL, 1, 540),
(438, 1335, 205, NULL, 1, 541),
(439, 490, 125, NULL, 1, 542),
(440, 491, 125, NULL, 1, 543),
(441, 463, 122, NULL, 1, 544),
(442, 353, 112, NULL, 1, 545),
(443, 441, 120, NULL, 1, 546),
(444, 876, 160, NULL, 1, 547),
(445, 865, 159, NULL, 1, 548),
(446, 474, 123, NULL, 1, 549),
(447, 480, 124, NULL, 1, 550),
(448, 1369, 210, NULL, 1, 551),
(449, 1214, 192, NULL, 1, 552),
(450, 853, 158, NULL, 1, 553),
(451, 854, 158, NULL, 1, 554),
(452, 1376, 211, NULL, 1, 555),
(453, 1375, 211, NULL, 1, 556),
(454, 1381, 212, NULL, 1, 557),
(455, 1382, 212, NULL, 1, 558),
(456, 733, 147, NULL, 1, 559),
(457, 645, 139, NULL, 1, 560),
(458, 678, 142, NULL, 1, 561),
(459, 667, 141, NULL, 1, 562),
(460, 1300, 201, NULL, 1, 563),
(461, 1388, 213, NULL, 1, 564),
(462, 1184, 189, NULL, 1, 565),
(463, 744, 148, NULL, 1, 566),
(464, 700, 144, NULL, 1, 567),
(465, 1370, 210, NULL, 1, 568),
(466, 1243, 195, NULL, 1, 569),
(467, 1393, 214, NULL, 1, 570),
(468, 1394, 214, NULL, 1, 571),
(469, 397, 116, NULL, 1, 572),
(470, 590, 134, NULL, 1, 573),
(471, 1319, 203, NULL, 1, 574),
(472, 1143, 185, NULL, 1, 575),
(473, 971, 168, NULL, 1, 576),
(474, 755, 149, NULL, 1, 577),
(475, 342, 111, NULL, 1, 578),
(476, 885, 161, NULL, 1, 579),
(477, 886, 161, NULL, 1, 580),
(478, 1043, 175, NULL, 1, 581),
(479, 623, 137, NULL, 1, 582),
(480, 1013, 172, NULL, 1, 583),
(481, 1351, 207, NULL, 1, 584),
(482, 1112, 182, NULL, 1, 585),
(483, 1122, 183, NULL, 1, 586),
(484, 1102, 181, NULL, 1, 587),
(485, 375, 114, NULL, 1, 588),
(486, 364, 113, NULL, 1, 589),
(487, 1053, 176, NULL, 1, 590),
(488, 982, 169, NULL, 1, 591),
(489, 601, 135, NULL, 1, 592),
(490, 524, 128, NULL, 1, 593),
(491, 386, 115, NULL, 1, 594),
(492, 385, 115, NULL, 1, 595),
(493, 408, 117, NULL, 1, 596),
(494, 430, 119, NULL, 1, 597),
(495, 419, 118, NULL, 1, 598),
(496, 1003, 171, NULL, 1, 599),
(497, 1063, 177, NULL, 1, 600),
(498, 612, 136, NULL, 1, 601),
(499, 656, 140, NULL, 1, 602),
(500, 1073, 178, NULL, 1, 603),
(501, 949, 166, NULL, 1, 604),
(502, 832, 156, NULL, 1, 605),
(503, 777, 151, NULL, 1, 606),
(504, 502, 126, NULL, 1, 607),
(505, 513, 127, NULL, 1, 608),
(506, 821, 155, NULL, 1, 610),
(507, 821, 155, NULL, 1, 609),
(508, 1195, 190, NULL, 1, 611),
(509, 1196, 190, NULL, 1, 612),
(510, 711, 145, NULL, 1, 613),
(511, 1400, 215, NULL, 1, 614),
(512, 1399, 215, NULL, 1, 615),
(513, 1405, 216, NULL, 1, 616),
(514, 1406, 216, NULL, 1, 617),
(515, 1358, 208, NULL, 1, 618),
(516, 1225, 193, NULL, 1, 619),
(517, 1226, 193, NULL, 1, 620),
(518, 789, 152, NULL, 1, 621),
(519, 800, 153, NULL, 1, 622),
(520, 887, 161, NULL, 1, 623),
(521, 888, 161, NULL, 1, 624),
(522, 475, 123, NULL, 1, 625),
(523, 431, 119, NULL, 1, 626),
(524, 420, 118, NULL, 1, 627),
(525, 1134, 184, NULL, 1, 628),
(526, 409, 117, NULL, 1, 629),
(527, 1215, 192, NULL, 1, 630),
(528, 1377, 211, NULL, 1, 631),
(529, 1383, 212, NULL, 1, 632),
(530, 822, 155, NULL, 1, 633),
(531, 1389, 213, NULL, 1, 634),
(532, 1185, 189, NULL, 1, 635),
(533, 877, 160, NULL, 1, 636),
(534, 866, 159, NULL, 1, 637),
(535, 310, 108, NULL, 1, 638),
(536, 1328, 204, NULL, 1, 639),
(537, 1336, 205, NULL, 1, 640),
(538, 1034, 174, NULL, 1, 641),
(539, 1293, 200, NULL, 1, 642),
(540, 1266, 197, NULL, 1, 643),
(541, 1255, 196, NULL, 1, 644),
(542, 734, 147, NULL, 1, 645),
(543, 1084, 179, NULL, 1, 646),
(544, 591, 134, NULL, 1, 647),
(545, 442, 120, NULL, 1, 648),
(546, 1144, 185, NULL, 1, 649),
(547, 972, 168, NULL, 1, 650),
(548, 464, 122, NULL, 1, 651),
(549, 701, 144, NULL, 1, 653),
(550, 701, 144, NULL, 1, 652),
(551, 745, 148, NULL, 1, 654),
(552, 580, 133, NULL, 1, 655),
(553, 723, 146, NULL, 1, 656),
(554, 823, 155, NULL, 1, 657),
(555, 735, 147, NULL, 1, 658),
(556, 889, 161, NULL, 1, 659),
(557, 790, 152, NULL, 1, 660),
(558, 801, 153, NULL, 1, 661),
(559, 465, 122, NULL, 1, 662),
(560, 321, 109, NULL, 1, 663),
(561, 322, 109, NULL, 1, 664),
(562, 1035, 174, NULL, 1, 665),
(563, 581, 133, NULL, 1, 666),
(564, 1085, 179, NULL, 1, 667),
(565, 311, 108, NULL, 1, 668),
(566, 1329, 204, NULL, 1, 669),
(567, 1337, 205, NULL, 1, 670),
(568, 878, 160, NULL, 1, 671),
(569, 867, 159, NULL, 1, 672),
(570, 481, 124, NULL, 1, 673),
(571, 482, 124, NULL, 1, 674),
(572, 1145, 185, NULL, 1, 675),
(573, 973, 168, NULL, 1, 676),
(574, 1186, 189, NULL, 1, 677),
(575, 1390, 213, NULL, 1, 678),
(576, 1216, 192, NULL, 1, 679),
(577, 1378, 211, NULL, 1, 680),
(578, 1384, 212, NULL, 1, 681),
(579, 410, 117, NULL, 1, 682),
(580, 1301, 201, NULL, 1, 683),
(581, 1302, 201, NULL, 1, 684),
(582, 1302, 201, NULL, 1, 685),
(583, 399, 116, NULL, 1, 686),
(584, 398, 116, NULL, 1, 687),
(585, 526, 128, NULL, 1, 688),
(586, 525, 128, NULL, 1, 689),
(587, 535, 129, NULL, 1, 690),
(588, 536, 129, NULL, 1, 691),
(589, 537, 129, NULL, 1, 692),
(590, 546, 130, NULL, 1, 693),
(591, 547, 130, NULL, 1, 694),
(592, 548, 130, NULL, 1, 695),
(593, 1135, 184, NULL, 1, 696),
(594, 856, 158, NULL, 1, 697),
(595, 1294, 200, NULL, 1, 698),
(596, 1267, 197, NULL, 1, 699),
(597, 1256, 196, NULL, 1, 700),
(598, 995, 170, NULL, 1, 701),
(599, 994, 170, NULL, 1, 702),
(600, 993, 170, NULL, 1, 703),
(601, 1360, 208, NULL, 1, 704),
(602, 1197, 190, NULL, 1, 705),
(603, 492, 125, NULL, 1, 706),
(604, 493, 125, NULL, 1, 707),
(605, 756, 149, NULL, 1, 708),
(606, 757, 149, NULL, 1, 709),
(607, 679, 142, NULL, 1, 710),
(608, 680, 142, NULL, 1, 711),
(609, 668, 141, NULL, 1, 712),
(610, 669, 141, NULL, 1, 713),
(611, 1412, 217, NULL, 1, 714),
(612, 1413, 217, NULL, 1, 715),
(613, 443, 120, NULL, 1, 716),
(614, 702, 144, NULL, 1, 717),
(615, 432, 119, NULL, 1, 718),
(616, 421, 118, NULL, 1, 719),
(617, 1153, 186, NULL, 1, 720),
(618, 1154, 186, NULL, 1, 721),
(619, 1155, 186, NULL, 1, 722),
(620, 647, 139, NULL, 1, 723),
(621, 646, 139, NULL, 1, 724),
(622, 466, 122, NULL, 1, 725),
(623, 1025, 173, NULL, 1, 726),
(624, 1295, 200, NULL, 1, 727),
(625, 1268, 197, NULL, 1, 728),
(626, 1257, 196, NULL, 1, 729),
(627, 713, 145, NULL, 1, 730),
(628, 714, 145, NULL, 1, 731),
(629, 725, 146, NULL, 1, 732),
(630, 724, 146, NULL, 1, 733),
(631, 1227, 193, NULL, 1, 734),
(632, 1228, 193, NULL, 1, 735),
(633, 791, 152, NULL, 1, 736),
(634, 802, 153, NULL, 1, 737),
(635, 648, 139, NULL, 1, 738),
(636, 890, 161, NULL, 1, 739),
(637, 582, 133, NULL, 1, 740),
(638, 1086, 179, NULL, 1, 741),
(639, 483, 124, NULL, 1, 742),
(640, 1187, 189, NULL, 1, 743),
(641, 1391, 213, NULL, 1, 744),
(642, 1217, 192, NULL, 1, 745),
(643, 411, 117, NULL, 1, 746),
(644, 1303, 201, NULL, 1, 747),
(645, 879, 160, NULL, 1, 748),
(646, 868, 159, NULL, 1, 749),
(647, 1379, 211, NULL, 1, 750),
(648, 1385, 212, NULL, 1, 751),
(649, 1198, 190, NULL, 1, 752),
(650, 758, 149, NULL, 1, 753),
(651, 670, 141, NULL, 1, 754),
(652, 824, 155, NULL, 1, 755),
(653, 301, 107, NULL, 1, 756),
(654, 299, 107, NULL, 1, 757),
(655, 300, 107, NULL, 1, 758),
(656, 747, 148, NULL, 1, 759),
(657, 792, 152, NULL, 1, 760),
(658, 803, 153, NULL, 1, 761),
(659, 825, 155, NULL, 1, 762),
(660, 1380, 211, NULL, 1, 763),
(661, 1386, 212, NULL, 1, 764),
(662, 1416, 218, NULL, 1, 765),
(663, 704, 144, NULL, 1, 766),
(664, 703, 144, NULL, 1, 767),
(665, 594, 134, NULL, 1, 768),
(666, 593, 134, NULL, 1, 769),
(667, 592, 134, NULL, 1, 770),
(668, 302, 107, NULL, 1, 771),
(669, 1189, 190, NULL, 1, 772),
(670, 1190, 190, NULL, 1, 773),
(671, 1199, 190, NULL, 1, 774),
(672, 1200, 190, NULL, 1, 775),
(673, 2764, 219, NULL, 1, 776),
(674, 2776, 220, NULL, 1, 777),
(675, 2788, 221, NULL, 1, 778),
(676, 1960, 152, NULL, 1, 779),
(677, 1960, 152, NULL, 1, 780),
(678, 1972, 153, NULL, 1, 781),
(679, 1636, 125, NULL, 1, 782),
(680, 1828, 141, NULL, 1, 783),
(681, 1804, 139, NULL, 1, 784),
(682, 1600, 122, NULL, 1, 785),
(683, 2068, 161, NULL, 1, 786),
(684, 2236, 175, NULL, 1, 787),
(685, 2200, 172, NULL, 1, 788),
(686, 1732, 133, NULL, 1, 789),
(687, 2452, 193, NULL, 1, 790),
(688, 1576, 120, NULL, 1, 791),
(689, 2536, 200, NULL, 1, 792),
(690, 2500, 197, NULL, 1, 793),
(691, 2488, 196, NULL, 1, 794),
(692, 1432, 108, NULL, 1, 795),
(693, 2584, 204, NULL, 1, 796),
(694, 2596, 205, NULL, 1, 797),
(695, 1876, 145, NULL, 1, 798),
(696, 2152, 168, NULL, 1, 799),
(697, 2440, 192, NULL, 1, 800),
(698, 2668, 211, NULL, 1, 801),
(699, 2680, 212, NULL, 1, 802),
(700, 2692, 213, NULL, 1, 803),
(701, 1744, 134, NULL, 1, 804),
(702, 2188, 171, NULL, 1, 805),
(703, 2548, 201, NULL, 1, 806),
(704, 2008, 156, NULL, 1, 807),
(705, 1648, 126, NULL, 1, 808),
(706, 1660, 127, NULL, 1, 809),
(707, 2800, 222, NULL, 1, 810),
(708, 2802, 222, NULL, 1, 811),
(709, 2812, 223, NULL, 1, 812),
(710, 2814, 223, NULL, 1, 813),
(711, 1805, 139, NULL, 1, 814),
(712, 2224, 174, NULL, 1, 815),
(713, 1516, 115, NULL, 1, 816),
(714, 1518, 115, NULL, 1, 817),
(715, 1924, 149, NULL, 1, 818),
(716, 2524, 199, NULL, 1, 819);

-- --------------------------------------------------------

--
-- Estructura de tabla para la tabla `telefonos`
--

CREATE TABLE `telefonos` (
  `id_telefono` int(11) NOT NULL,
  `numero_fijo` int(15) DEFAULT NULL,
  `numero_celular` bigint(15) DEFAULT NULL,
  `id_alumno` int(11) DEFAULT NULL,
  `id_tutor` int(255) DEFAULT NULL,
  `id_docente` int(11) DEFAULT NULL
) ENGINE=InnoDB DEFAULT CHARSET=utf8 ROW_FORMAT=DYNAMIC;

--
-- Volcado de datos para la tabla `telefonos`
--

INSERT INTO `telefonos` (`id_telefono`, `numero_fijo`, `numero_celular`, `id_alumno`, `id_tutor`, `id_docente`) VALUES
(120, 0, 0, 107, NULL, NULL),
(121, 0, 0, 108, NULL, NULL),
(122, 0, 0, NULL, NULL, 9),
(123, 0, 0, 109, NULL, NULL),
(124, 0, 2214559460, NULL, NULL, 10),
(125, 4871598, 2213614750, 110, NULL, NULL),
(126, 0, 2214553163, NULL, NULL, 11),
(127, 0, 2216097203, NULL, NULL, 12),
(128, 0, 2355501755, NULL, NULL, 13),
(129, 0, 2213556217, NULL, NULL, 14),
(130, 0, 2355441213, NULL, NULL, 15),
(131, 4730592, 2215971012, 111, NULL, NULL),
(132, 4741842, 2215994860, 112, NULL, NULL),
(133, 0, 2213032520, 113, NULL, NULL),
(134, 0, 1154677327, 114, NULL, NULL),
(135, 0, 2216130177, 115, NULL, NULL),
(136, 0, 2213071123, 116, NULL, NULL),
(137, 2147483647, 2215540394, 117, NULL, NULL),
(138, 2147483647, 2215117479, 118, NULL, NULL),
(139, 2147483647, 2215117479, 119, NULL, NULL),
(140, 4870463, 2216796840, 120, NULL, NULL),
(141, 0, 2216553983, 121, NULL, NULL),
(142, 4872075, 2215973357, 122, NULL, NULL),
(143, 4733490, 1141935937, 123, NULL, NULL),
(144, 0, 2215992567, 124, NULL, NULL),
(145, 4740926, 2215250891, 125, NULL, NULL),
(146, 4872276, 2216013281, 126, NULL, NULL),
(147, 2147483647, 2215934318, 127, NULL, NULL),
(148, 0, 2214088178, 128, NULL, NULL),
(149, 0, 2216384878, 129, NULL, NULL),
(150, 0, 2216000107, 130, NULL, NULL),
(151, 0, 1140610373, 131, NULL, NULL),
(152, 2147483647, 1149280842, 132, NULL, NULL),
(153, 0, 2216035544, 133, NULL, NULL),
(154, 2147483647, 2216788002, 134, NULL, NULL),
(155, 0, 2215415520, 135, NULL, NULL),
(156, 0, 1122876149, 136, NULL, NULL),
(157, 2147483647, 2216228943, 137, NULL, NULL),
(158, 4742481, 2213033792, 138, NULL, NULL),
(159, 0, 2216008610, 139, NULL, NULL),
(160, 0, 2213501061, 140, NULL, NULL),
(161, 0, 1139224720, 141, NULL, NULL),
(162, 1149325250, 1139224720, 142, NULL, NULL),
(163, 0, 2214942242, 143, NULL, NULL),
(164, 0, 1165982381, 144, NULL, NULL),
(165, 0, 2215038812, 145, NULL, NULL),
(166, 0, 2213569615, 146, NULL, NULL),
(167, 2147483647, 2216144810, 147, NULL, NULL),
(168, 0, 2214542270, 148, NULL, NULL),
(169, 4732542, 1155129140, 149, NULL, NULL),
(170, 4870747, 156161984, 150, NULL, NULL),
(171, 2147483647, 2213543986, 151, NULL, NULL),
(172, 0, 2215605046, 152, NULL, NULL),
(173, 0, 2215605046, 153, NULL, NULL),
(174, 4741678, 2215541199, 154, NULL, NULL),
(175, 4732420, 2215986172, 155, NULL, NULL),
(176, 0, 2214365222, 156, NULL, NULL),
(177, 0, 2216736926, 157, NULL, NULL),
(178, 0, 2213191464, 158, NULL, NULL),
(179, 0, 2213584769, 159, NULL, NULL),
(180, 0, 2214957334, 160, NULL, NULL),
(181, 4870189, 2215450030, 161, NULL, NULL),
(182, 4733462, 2216077782, 162, NULL, NULL),
(183, 0, 1169504225, 163, NULL, NULL),
(184, 0, 2215378181, 164, NULL, NULL),
(185, 2147483647, 2216556216, 165, NULL, NULL),
(186, 0, 0, 166, NULL, NULL),
(187, 0, 2213639409, 167, NULL, NULL),
(188, 0, 2215677725, 168, NULL, NULL),
(189, 0, 0, 169, NULL, NULL),
(190, 0, 1150562983, 170, NULL, NULL),
(191, 0, 0, 171, NULL, NULL),
(192, 0, 2214816695, 172, NULL, NULL),
(193, 0, 0, 173, NULL, NULL),
(194, 0, 0, 174, NULL, NULL),
(195, 0, 0, 175, NULL, NULL),
(196, 0, 2215048395, 176, NULL, NULL),
(197, 0, 2213502262, 177, NULL, NULL),
(198, 0, 0, 178, NULL, NULL),
(199, 0, 2214953749, 179, NULL, NULL),
(200, 0, 0, 180, NULL, NULL),
(201, 0, 0, 181, NULL, NULL),
(202, 0, 0, 182, NULL, NULL),
(203, 0, 0, 183, NULL, NULL),
(204, 0, 0, 184, NULL, NULL),
(205, 0, 0, 185, NULL, NULL),
(206, 0, 0, 186, NULL, NULL),
(207, 0, 2215663436, 187, NULL, NULL),
(208, 0, 2215903722, 188, NULL, NULL),
(209, 0, 2215925526, 189, NULL, NULL),
(210, 0, 2215689696, 190, NULL, NULL),
(211, 0, 2215623517, 191, NULL, NULL),
(212, 0, 2215721629, 192, NULL, NULL),
(213, 0, 2213102102, 193, NULL, NULL),
(214, 0, 1169322560, 194, NULL, NULL),
(215, 0, 1138252560, 195, NULL, NULL),
(216, 0, 0, 196, NULL, NULL),
(217, 0, 0, 197, NULL, NULL),
(218, 0, 2214762318, 198, NULL, NULL),
(219, 0, 2214376988, 199, NULL, NULL),
(220, 0, 1165586342, 200, NULL, NULL),
(221, 0, 0, 201, NULL, NULL),
(222, 0, 2215752641, 202, NULL, NULL),
(223, 0, 0, 203, NULL, NULL),
(224, 0, 0, 204, NULL, NULL),
(225, 0, 0, 205, NULL, NULL),
(226, 0, 2215934901, 206, NULL, NULL),
(227, 0, 0, 207, NULL, NULL),
(228, 0, 2215892650, 208, NULL, NULL),
(229, 0, 2215897717, 209, NULL, NULL),
(230, 0, 2215650053, 210, NULL, NULL),
(231, 0, 0, 211, NULL, NULL),
(232, 0, 0, 212, NULL, NULL),
(233, 0, 2215925526, 213, NULL, NULL),
(234, 0, 2213176680, 214, NULL, NULL),
(235, 0, 2216238946, 215, NULL, NULL),
(236, 0, 2215039157, 216, NULL, NULL),
(237, 0, 1139224720, 217, NULL, NULL),
(238, 0, 2214594146, 218, NULL, NULL),
(239, 0, 1161458248, 219, NULL, NULL),
(240, 0, 2214184003, 220, NULL, NULL),
(241, 0, 2214184003, 221, NULL, NULL),
(242, 0, 22131932332, 222, NULL, NULL),
(243, 0, 22131932332, 223, NULL, NULL);

-- --------------------------------------------------------

--
-- Estructura de tabla para la tabla `tutores`
--

CREATE TABLE `tutores` (
  `id_tutor` int(11) NOT NULL,
  `dni` int(10) DEFAULT NULL,
  `apellido` varchar(255) DEFAULT NULL,
  `nombre` varchar(255) DEFAULT NULL,
  `mail` varchar(255) DEFAULT NULL,
  `domicilio` varchar(255) DEFAULT NULL,
  `activo` int(2) DEFAULT NULL
) ENGINE=InnoDB DEFAULT CHARSET=utf8 ROW_FORMAT=DYNAMIC;

-- --------------------------------------------------------

--
-- Estructura de tabla para la tabla `tutor_alumnos`
--

CREATE TABLE `tutor_alumnos` (
  `id_alumno` int(11) DEFAULT NULL,
  `id_tutor` int(11) DEFAULT NULL
) ENGINE=InnoDB DEFAULT CHARSET=utf8 ROW_FORMAT=DYNAMIC;

--
-- Volcado de datos para la tabla `tutor_alumnos`
--

INSERT INTO `tutor_alumnos` (`id_alumno`, `id_tutor`) VALUES
(107, NULL),
(108, NULL),
(109, NULL),
(110, NULL),
(111, NULL),
(112, NULL),
(113, NULL),
(114, NULL),
(115, NULL),
(116, NULL),
(117, NULL),
(118, NULL),
(119, NULL),
(120, NULL),
(121, NULL),
(122, NULL),
(123, NULL),
(124, NULL),
(125, NULL),
(126, NULL),
(127, NULL),
(128, NULL),
(129, NULL),
(130, NULL),
(131, NULL),
(132, NULL),
(133, NULL),
(134, NULL),
(135, NULL),
(136, NULL),
(137, NULL),
(138, NULL),
(139, NULL),
(140, NULL),
(141, NULL),
(142, NULL),
(143, NULL),
(144, NULL),
(145, NULL),
(146, NULL),
(147, NULL),
(148, NULL),
(149, NULL),
(150, NULL),
(151, NULL),
(152, NULL),
(153, NULL),
(154, NULL),
(155, NULL),
(156, NULL),
(157, NULL),
(158, NULL),
(159, NULL),
(160, NULL),
(161, NULL),
(162, NULL),
(163, NULL),
(164, NULL),
(165, NULL),
(166, NULL),
(167, NULL),
(168, NULL),
(169, NULL),
(170, NULL),
(171, NULL),
(172, NULL),
(173, NULL),
(174, NULL),
(175, NULL),
(176, NULL),
(177, NULL),
(178, NULL),
(179, NULL),
(180, NULL),
(181, NULL),
(182, NULL),
(183, NULL),
(184, NULL),
(185, NULL),
(186, NULL),
(187, NULL),
(188, NULL),
(189, NULL),
(190, NULL),
(191, NULL),
(192, NULL),
(193, NULL),
(194, NULL),
(195, NULL),
(196, NULL),
(197, NULL),
(198, NULL),
(199, NULL),
(200, NULL),
(201, NULL),
(202, NULL),
(203, NULL),
(204, NULL),
(205, NULL),
(206, NULL),
(207, NULL),
(208, NULL),
(209, NULL),
(210, NULL),
(211, NULL),
(212, NULL),
(213, NULL),
(214, NULL),
(215, NULL),
(216, NULL),
(217, NULL),
(218, NULL),
(219, NULL),
(220, NULL),
(221, NULL),
(222, NULL),
(223, NULL);

-- --------------------------------------------------------

--
-- Estructura de tabla para la tabla `usuarios`
--

CREATE TABLE `usuarios` (
  `Id_usuario` int(11) NOT NULL,
  `usuario` varchar(255) DEFAULT NULL,
  `clave` varchar(255) DEFAULT NULL,
  `nivel` int(2) DEFAULT NULL
) ENGINE=InnoDB DEFAULT CHARSET=utf8 ROW_FORMAT=DYNAMIC;

--
-- Volcado de datos para la tabla `usuarios`
--

INSERT INTO `usuarios` (`Id_usuario`, `usuario`, `clave`, `nivel`) VALUES
(11, 'jimena', 'ff1d9b386e4ec3abe1a430d5c071324316c3604a', 1);

--
-- Índices para tablas volcadas
--

--
-- Indices de la tabla `alumnos`
--
ALTER TABLE `alumnos`
  ADD PRIMARY KEY (`id_personas`) USING BTREE,
  ADD KEY `nom` (`nombre`) USING BTREE,
  ADD KEY `ape` (`apellido`) USING BTREE,
  ADD KEY `doc` (`dni`) USING BTREE,
  ADD KEY `id_personas` (`id_personas`) USING BTREE,
  ADD KEY `id_personas_2` (`id_personas`) USING BTREE,
  ADD KEY `id_personas_3` (`id_personas`) USING BTREE,
  ADD KEY `id_personas_4` (`id_personas`) USING BTREE;

--
-- Indices de la tabla `cuenta_corriente`
--
ALTER TABLE `cuenta_corriente`
  ADD PRIMARY KEY (`id_cc`) USING BTREE,
  ADD KEY `idpersona` (`id_persona`) USING BTREE,
  ADD KEY `an` (`anio`) USING BTREE,
  ADD KEY `cuo` (`cuota`) USING BTREE,
  ADD KEY `pag` (`pago`) USING BTREE;

--
-- Indices de la tabla `cursos`
--
ALTER TABLE `cursos`
  ADD PRIMARY KEY (`id_curso`) USING BTREE;

--
-- Indices de la tabla `curso_docente_alumnos`
--
ALTER TABLE `curso_docente_alumnos`
  ADD KEY `id_doc` (`id_docente`) USING BTREE,
  ADD KEY `id_libro` (`id_libro`) USING BTREE,
  ADD KEY `id_a` (`id_alumno`) USING BTREE,
  ADD KEY `id_cur` (`id_curso`) USING BTREE;

--
-- Indices de la tabla `docentes`
--
ALTER TABLE `docentes`
  ADD PRIMARY KEY (`id_docente`) USING BTREE;

--
-- Indices de la tabla `fichas_salud`
--
ALTER TABLE `fichas_salud`
  ADD PRIMARY KEY (`id_ficha`) USING BTREE,
  ADD KEY `Id_alumn` (`id_alumno`) USING BTREE;

--
-- Indices de la tabla `gastos`
--
ALTER TABLE `gastos`
  ADD PRIMARY KEY (`id_pago`) USING BTREE,
  ADD KEY `tp` (`medio`) USING BTREE,
  ADD KEY `fe` (`fecha`) USING BTREE;

--
-- Indices de la tabla `libros`
--
ALTER TABLE `libros`
  ADD PRIMARY KEY (`id_libro`) USING BTREE;

--
-- Indices de la tabla `medios_pago`
--
ALTER TABLE `medios_pago`
  ADD PRIMARY KEY (`id_medio`) USING BTREE;

--
-- Indices de la tabla `pagos`
--
ALTER TABLE `pagos`
  ADD PRIMARY KEY (`id_pago`) USING BTREE,
  ADD KEY `Id_alumns` (`id_alumno`) USING BTREE,
  ADD KEY `idcc` (`id_cc`) USING BTREE,
  ADD KEY `tp` (`medio`) USING BTREE,
  ADD KEY `fe` (`fecha`) USING BTREE;

--
-- Indices de la tabla `recibos`
--
ALTER TABLE `recibos`
  ADD PRIMARY KEY (`id_recibo`) USING BTREE,
  ADD KEY `alumno` (`id_alumno`) USING BTREE,
  ADD KEY `recibo` (`nro_recibo`) USING BTREE,
  ADD KEY `cc` (`id_cc`) USING BTREE,
  ADD KEY `pago` (`id_pago`) USING BTREE;

--
-- Indices de la tabla `telefonos`
--
ALTER TABLE `telefonos`
  ADD PRIMARY KEY (`id_telefono`) USING BTREE,
  ADD KEY `id_a` (`id_alumno`) USING BTREE,
  ADD KEY `id_t` (`id_tutor`) USING BTREE,
  ADD KEY `docente` (`id_docente`) USING BTREE;

--
-- Indices de la tabla `tutores`
--
ALTER TABLE `tutores`
  ADD PRIMARY KEY (`id_tutor`) USING BTREE,
  ADD KEY `id_t` (`id_tutor`) USING BTREE,
  ADD KEY `ap` (`apellido`) USING BTREE,
  ADD KEY `doc` (`activo`) USING BTREE;

--
-- Indices de la tabla `tutor_alumnos`
--
ALTER TABLE `tutor_alumnos`
  ADD KEY `id_al` (`id_alumno`) USING BTREE,
  ADD KEY `id_tut` (`id_tutor`) USING BTREE;

--
-- Indices de la tabla `usuarios`
--
ALTER TABLE `usuarios`
  ADD PRIMARY KEY (`Id_usuario`) USING BTREE;

--
-- AUTO_INCREMENT de las tablas volcadas
--

--
-- AUTO_INCREMENT de la tabla `alumnos`
--
ALTER TABLE `alumnos`
  MODIFY `id_personas` int(11) NOT NULL AUTO_INCREMENT, AUTO_INCREMENT=224;

--
-- AUTO_INCREMENT de la tabla `cuenta_corriente`
--
ALTER TABLE `cuenta_corriente`
  MODIFY `id_cc` int(255) NOT NULL AUTO_INCREMENT, AUTO_INCREMENT=2824;

--
-- AUTO_INCREMENT de la tabla `cursos`
--
ALTER TABLE `cursos`
  MODIFY `id_curso` int(11) NOT NULL AUTO_INCREMENT, AUTO_INCREMENT=46;

--
-- AUTO_INCREMENT de la tabla `docentes`
--
ALTER TABLE `docentes`
  MODIFY `id_docente` int(11) NOT NULL AUTO_INCREMENT, AUTO_INCREMENT=16;

--
-- AUTO_INCREMENT de la tabla `fichas_salud`
--
ALTER TABLE `fichas_salud`
  MODIFY `id_ficha` int(11) NOT NULL AUTO_INCREMENT, AUTO_INCREMENT=13;

--
-- AUTO_INCREMENT de la tabla `gastos`
--
ALTER TABLE `gastos`
  MODIFY `id_pago` int(11) NOT NULL AUTO_INCREMENT, AUTO_INCREMENT=79;

--
-- AUTO_INCREMENT de la tabla `libros`
--
ALTER TABLE `libros`
  MODIFY `id_libro` int(11) NOT NULL AUTO_INCREMENT, AUTO_INCREMENT=22;

--
-- AUTO_INCREMENT de la tabla `medios_pago`
--
ALTER TABLE `medios_pago`
  MODIFY `id_medio` int(255) NOT NULL AUTO_INCREMENT, AUTO_INCREMENT=4;

--
-- AUTO_INCREMENT de la tabla `pagos`
--
ALTER TABLE `pagos`
  MODIFY `id_pago` int(11) NOT NULL AUTO_INCREMENT, AUTO_INCREMENT=820;

--
-- AUTO_INCREMENT de la tabla `recibos`
--
ALTER TABLE `recibos`
  MODIFY `id_recibo` int(255) NOT NULL AUTO_INCREMENT, AUTO_INCREMENT=717;

--
-- AUTO_INCREMENT de la tabla `telefonos`
--
ALTER TABLE `telefonos`
  MODIFY `id_telefono` int(11) NOT NULL AUTO_INCREMENT, AUTO_INCREMENT=244;

--
-- AUTO_INCREMENT de la tabla `tutores`
--
ALTER TABLE `tutores`
  MODIFY `id_tutor` int(11) NOT NULL AUTO_INCREMENT, AUTO_INCREMENT=160;

--
-- AUTO_INCREMENT de la tabla `usuarios`
--
ALTER TABLE `usuarios`
  MODIFY `Id_usuario` int(11) NOT NULL AUTO_INCREMENT, AUTO_INCREMENT=12;
COMMIT;

/*!40101 SET CHARACTER_SET_CLIENT=@OLD_CHARACTER_SET_CLIENT */;
/*!40101 SET CHARACTER_SET_RESULTS=@OLD_CHARACTER_SET_RESULTS */;
/*!40101 SET COLLATION_CONNECTION=@OLD_COLLATION_CONNECTION */;
